"","Reference","sampleID","sample.matrix","sample.matrix.specific","compartment","Sampling.apparatus","Sample.Type","site","specific.location","latitude","longitude","season","particles.L.blank.corrected","particles.fish.blank.corrected","particles.kg.blank.corrected","fiber.correction.factor","plastic_proportion_correction","min_mesh_size_um","max_mesh_size_um","alpha","alpha.sd","rescaling_correction_factor","particles.L_rescaled_corrected_5thPercentile","particles.L_rescaled_corrected_50thPercentile","particles.L_rescaled_corrected_95thPercentile","particles.L_rescaled_corrected_deterministic","particle.fish.master","particles.kg.master"
"1","Zhu et. al 2021","17-POC-438-125&355","water","stormwater","marine","depth-integrated perisaltic pump","sample",NA,"Rodeo Creek at Seacliff Ct Pedestrian Br","38.016","-122.254",NA,1.63,NA,NA,1,0.4675,106,5000,2.41,0.22,720.408993312363,NA,NA,NA,548.969663128854,NA,NA
"2","Zhu et. al 2021","17-POC-259-125&355","water","stormwater","marine","depth-integrated perisaltic pump","sample",NA,"Refugio Creek at Tsushima St","38.018","-122.277",NA,1.65,NA,NA,1,0.4675,106,5000,2.41,0.22,720.408993312363,NA,NA,NA,555.705487216324,NA,NA
"3","Zhu et. al 2021","20180406MMPStormSBCCMP125&355","water","stormwater","marine","depth-integrated perisaltic pump","sample",NA,"Coyote Creek","37.385832","-121.909581",NA,7.2,NA,NA,1,0.4675,106,5000,2.41,0.22,720.408993312363,NA,NA,NA,2424.89667148942,NA,NA
"4","Zhu et. al 2021","17-POC-283-125&355","water","stormwater","marine","depth-integrated perisaltic pump","sample",NA,"Colma Ck at S. Linden Blvd","37.65","-122.412",NA,5.63,NA,NA,1,0.4675,106,5000,2.41,0.22,720.408993312363,NA,NA,NA,1896.13448062297,NA,NA
"5","Zhu et. al 2021","17-POC-515-125&355","water","stormwater","marine","depth-integrated perisaltic pump","sample",NA,"Line 12K at Coliseum Entrance","37.754","-122.204",NA,4.94,NA,NA,1,0.4675,106,5000,2.41,0.22,720.408993312363,NA,NA,NA,1663.74854960524,NA,NA
"6","Zhu et. al 2021","17-POC-100-125&355","water","stormwater","marine","depth-integrated perisaltic pump","sample",NA,"Line 12F below PG&E station","37.762","-122.214",NA,8.43,NA,NA,1,0.4675,106,5000,2.41,0.22,720.408993312363,NA,NA,NA,2839.14985286886,NA,NA
"7","Zhu et. al 2021","17-POC-130-125&355","water","stormwater","marine","depth-integrated perisaltic pump","sample",NA,"Line 12J at mouth to 12K","37.755","-122.201",NA,10.06,NA,NA,1,0.4675,106,5000,2.41,0.22,720.408993312363,NA,NA,NA,3388.11951599771,NA,NA
"8","Zhu et. al 2021","17GR-003-125&355","water","stormwater","marine","depth-integrated perisaltic pump","sample",NA,"Guadalupe River at Highway 101","37.37356","-121.93283",NA,2.31,NA,NA,1,0.4675,106,5000,2.41,0.22,720.408993312363,NA,NA,NA,777.987682102854,NA,NA
"9","Zhu et. al 2021","20180108MMPStormSBSMMP125&355","water","stormwater","marine","depth-integrated perisaltic pump","sample",NA,"San Mateo Creek","37.572638","-122.310769",NA,1.09,NA,NA,1,0.4675,106,5000,2.41,0.22,720.408993312363,NA,NA,NA,367.102412767148,NA,NA
"10","Zhu et. al 2021","20180108MMPStormCBMeek125&355","water","stormwater","marine","depth-integrated perisaltic pump","sample","Central Bay","Meeker Slough at Regatta Blvd","37.917861","-122.33838",NA,17.84,NA,NA,1,0.4675,106,5000,2.41,0.22,720.408993312363,NA,NA,NA,6008.35508602377,NA,NA
"11","Zhu et. al 2021","20180108MMPStormCBEmery125&355","water","stormwater","marine","depth-integrated perisaltic pump","sample","Central Bay","MMP-Storm-CB-Emery","37.83429","-122.29349",NA,12.36,NA,NA,1,0.4675,106,5000,2.41,0.22,720.408993312363,NA,NA,NA,4162.73928605683,NA,NA
"12","Zhu et. al 2021","19-POC-198-125&355","water","stormwater","marine","depth-integrated perisaltic pump","sample",NA,"12M Rep1","37.746843","-122.200699",NA,24.41,NA,NA,1,0.4675,106,5000,2.41,0.22,720.408993312363,NA,NA,NA,8221.07329875787,NA,NA
"13","Zhu et. al 2021","EBDA Aug 31 2017","water","wastewater","marine","Composite","sample",NA,NA,"37.6952","-122.1858","dry",0.0645,NA,NA,1,0.283333333333333,110,5000,2.41,0.22,759.213067547991,NA,NA,NA,13.8746188094395,NA,NA
"14","Zhu et. al 2021","EBDA Sept 26 2017","water","wastewater","marine","Composite","sample",NA,NA,"37.6952","-122.1858","dry",0.0115,NA,NA,1,0.283333333333333,110,5000,2.41,0.22,759.213067547991,NA,NA,NA,2.47376924509387,NA,NA
"15","Zhu et. al 2021","EBMUD Aug 22 2017","water","wastewater","marine","Composite","sample",NA,NA,"37.8236","-122.2956","dry",0.1778,NA,NA,1,0.283333333333333,110,5000,2.41,0.22,759.213067547991,NA,NA,NA,38.2466236328426,NA,NA
"16","Zhu et. al 2021","EBMUD Sept 26 2017","water","wastewater","marine","Composite","sample",NA,NA,"37.8236","-122.2956","dry",0.0421,NA,NA,1,0.283333333333333,110,5000,2.41,0.22,759.213067547991,NA,NA,NA,9.05614654073494,NA,NA
"17","Zhu et. al 2021","PA Aug 1 2017","water","wastewater","marine","Composite","sample",NA,NA,"37.4527","-122.1108","dry",0.003,NA,NA,1,0.283333333333333,110,5000,2.41,0.22,759.213067547991,NA,NA,NA,0.645331107415791,NA,NA
"18","Zhu et. al 2021","PA July 20 2017 A","water","wastewater","marine","Composite","sample",NA,NA,"37.4527","-122.1108",NA,0.0054,NA,NA,1,0.283333333333333,110,5000,2.41,0.22,759.213067547991,NA,NA,NA,1.16159599334842,NA,NA
"19","Zhu et. al 2021","SJ Aug 10 2017","water","wastewater","marine","Composite","sample",NA,NA,"37.4332","-121.9522","dry",0.0186,NA,NA,1,0.283333333333333,110,5000,2.41,0.22,759.213067547991,NA,NA,NA,4.0010528659779,NA,NA
"20","Zhu et. al 2021","SJ Sept 19 2017","water","wastewater","marine","Composite","sample",NA,NA,"37.4332","-121.9522","dry",0.0233,NA,NA,1,0.283333333333333,110,5000,2.41,0.22,759.213067547991,NA,NA,NA,5.01207160092931,NA,NA
"21","Zhu et. al 2021","SUNN Sept 19 2017","water","wastewater","marine","Composite","sample",NA,NA,"37.4193","-122.0162","dry",0.0222,NA,NA,1,0.283333333333333,110,5000,2.41,0.22,759.213067547991,NA,NA,NA,4.77545019487686,NA,NA
"22","Zhu et. al 2021","CCCSD Sept 7 2017","water","wastewater","marine","Composite","sample",NA,NA,"37.9961","-122.0686","dry",0.0778,NA,NA,1,0.283333333333333,110,5000,2.41,0.22,759.213067547991,NA,NA,NA,16.7355867189829,NA,NA
"23","Zhu et. al 2021","FSSD Aug 23 2017","water","wastewater","marine","Composite","sample",NA,NA,"38.2233","-122.0829","dry",0.0037,NA,NA,1,0.283333333333333,110,5000,2.41,0.22,759.213067547991,NA,NA,NA,0.795908365812809,NA,NA
"24","Zhu et. al 2021","FSSD Sept 7 2017","water","wastewater","marine","Composite","sample",NA,NA,"38.2233","-122.0829","dry",0.0055,NA,NA,1,0.283333333333333,110,5000,2.41,0.22,759.213067547991,NA,NA,NA,1.18310703026228,NA,NA
"25","Zhu et. al 2021","EBMUD Oct 20 2017","water","wastewater","marine","Composite","sample",NA,NA,"37.8236","-122.2956",NA,0.1083,NA,NA,1,0.283333333333333,110,5000,2.41,0.22,759.213067547991,NA,NA,NA,23.2964529777101,NA,NA
"26","Zhu et. al 2021","SFPUC Nov 6 2017","water","wastewater","marine","Composite","sample",NA,NA,"37.7476","-122.3728","wet",0.1593,NA,NA,1,0.283333333333333,110,5000,2.41,0.22,759.213067547991,NA,NA,NA,34.2670818037785,NA,NA
"27","Zhu et. al 2021","SFPUC Nov 7 2017","water","wastewater","marine","Composite","sample",NA,NA,"37.7476","-122.3728","wet",0.1816,NA,NA,1,0.283333333333333,110,5000,2.41,0.22,759.213067547991,NA,NA,NA,39.0640430355692,NA,NA
"28","Zhu et. al 2021","SUNN Oct 17 2017","water","wastewater","marine","Composite","sample",NA,NA,"37.4193","-122.0162",NA,0.0075,NA,NA,1,0.283333333333333,110,5000,2.41,0.22,759.213067547991,NA,NA,NA,1.61332776853948,NA,NA
"29","Zhu et. al 2021","CCCSD Dec 6 2017","water","wastewater","marine","Composite","sample",NA,NA,"37.9961","-122.0686","wet",0.0683,NA,NA,1,0.283333333333333,110,5000,2.41,0.22,759.213067547991,NA,NA,NA,14.6920382121662,NA,NA
"30","Zhu et. al 2021","AN LSB06_1","fish","anchovy","marine","otter trawl/cast net","sample","Lower South Bay",NA,"37.4576","-122.0921",NA,NA,24.27,NA,1,0.15,25,5000,1.75,0.17,11.375429244035,NA,NA,NA,NA,41.4122501629095,NA
"31","Zhu et. al 2021","AN LSB06_2","fish","anchovy","marine","otter trawl/cast net","sample","Lower South Bay",NA,"37.4576","-122.0921",NA,NA,6.6,NA,1,0.15,25,5000,1.75,0.17,11.375429244035,NA,NA,NA,NA,11.2616749515947,NA
"32","Zhu et. al 2021","AN LSB06_4","fish","anchovy","marine","otter trawl/cast net","sample","Lower South Bay",NA,"37.4576","-122.0921",NA,NA,0.87,NA,1,0.15,25,5000,1.75,0.17,11.375429244035,NA,NA,NA,NA,1.48449351634657,NA
"33","Zhu et. al 2021","TS LSB06_1","fish","topsmelt","marine","otter trawl/cast net","sample","Lower South Bay",NA,"37.4576","-122.0921",NA,NA,1,NA,1,0.15,25,5000,1.75,0.17,11.375429244035,NA,NA,NA,NA,1.70631438660526,NA
"34","Zhu et. al 2021","TS LSB06_2","fish","topsmelt","marine","otter trawl/cast net","sample","Lower South Bay",NA,"37.4576","-122.0921",NA,NA,0.93,NA,1,0.15,25,5000,1.75,0.17,11.375429244035,NA,NA,NA,NA,1.58687237954289,NA
"35","Zhu et. al 2021","TS LSB06_3","fish","topsmelt","marine","otter trawl/cast net","sample","Lower South Bay",NA,"37.4576","-122.0921",NA,NA,3.53,NA,1,0.15,25,5000,1.75,0.17,11.375429244035,NA,NA,NA,NA,6.02328978471655,NA
"36","Zhu et. al 2021","TS LSB06_4","fish","topsmelt","marine","otter trawl/cast net","sample","Lower South Bay",NA,"37.4576","-122.0921",NA,NA,2.4,NA,1,0.15,25,5000,1.75,0.17,11.375429244035,NA,NA,NA,NA,4.09515452785261,NA
"37","Zhu et. al 2021","AN LSB06_3","fish","anchovy","marine","otter trawl/cast net","sample","Lower South Bay",NA,"37.4576","-122.0921",NA,NA,45.07,NA,1,0.15,25,5000,1.75,0.17,11.375429244035,NA,NA,NA,NA,76.9035894042988,NA
"38","Zhu et. al 2021","TS LSB06_5","fish","topsmelt","marine","otter trawl/cast net","sample","Lower South Bay",NA,"37.4576","-122.0921",NA,NA,8,NA,1,0.15,25,5000,1.75,0.17,11.375429244035,NA,NA,NA,NA,13.650515092842,NA
"39","Zhu et. al 2021","TS LSB06_6","fish","topsmelt","marine","otter trawl/cast net","sample","Lower South Bay",NA,"37.4576","-122.0921",NA,NA,11.67,NA,1,0.15,25,5000,1.75,0.17,11.375429244035,NA,NA,NA,NA,19.9126888916833,NA
"40","Zhu et. al 2021","TS LSB06_7","fish","topsmelt","marine","otter trawl/cast net","sample","Lower South Bay",NA,"37.4576","-122.0921",NA,NA,5.73,NA,1,0.15,25,5000,1.75,0.17,11.375429244035,NA,NA,NA,NA,9.77718143524811,NA
"41","Zhu et. al 2021","TS LSB06_8","fish","topsmelt","marine","otter trawl/cast net","sample","Lower South Bay",NA,"37.4576","-122.0921",NA,NA,5.87,NA,1,0.15,25,5000,1.75,0.17,11.375429244035,NA,NA,NA,NA,10.0160654493728,NA
"42","Zhu et. al 2021","TS LSB06_9","fish","topsmelt","marine","otter trawl/cast net","sample","Lower South Bay",NA,"37.4576","-122.0921",NA,NA,14.47,NA,1,0.15,25,5000,1.75,0.17,11.375429244035,NA,NA,NA,NA,24.690369174178,NA
"43","Zhu et. al 2021","TS LSB06_10","fish","topsmelt","marine","otter trawl/cast net","sample","Lower South Bay",NA,"37.4576","-122.0921",NA,NA,1.8,NA,1,0.15,25,5000,1.75,0.17,11.375429244035,NA,NA,NA,NA,3.07136589588946,NA
"44","Zhu et. al 2021","AN TB101_1","fish","anchovy","marine","otter trawl/cast net","sample","Tomales Bay",NA,"38.2093","-122.9292",NA,NA,0,NA,1,0.13,25,5000,1.75,0.17,11.375429244035,NA,NA,NA,NA,0,NA
"45","Zhu et. al 2021","AN TB101_2","fish","anchovy","marine","otter trawl/cast net","sample","Tomales Bay",NA,"38.2093","-122.9292",NA,NA,0,NA,1,0.13,25,5000,1.75,0.17,11.375429244035,NA,NA,NA,NA,0,NA
"46","Zhu et. al 2021","AN TB101_3","fish","anchovy","marine","otter trawl/cast net","sample","Tomales Bay",NA,"38.2093","-122.9292",NA,NA,1.73,NA,1,0.13,25,5000,1.75,0.17,11.375429244035,NA,NA,NA,NA,2.55833403698348,NA
"47","Zhu et. al 2021","AN TB101_4","fish","anchovy","marine","otter trawl/cast net","sample","Tomales Bay",NA,"38.2093","-122.9292",NA,NA,0.13,NA,1,0.13,25,5000,1.75,0.17,11.375429244035,NA,NA,NA,NA,0.192244754224192,NA
"48","Zhu et. al 2021","AN TB101_5","fish","anchovy","marine","otter trawl/cast net","sample","Tomales Bay",NA,"38.2093","-122.9292",NA,NA,1.8,NA,1,0.13,25,5000,1.75,0.17,11.375429244035,NA,NA,NA,NA,2.6618504431042,NA
"49","Zhu et. al 2021","AN TB101_6","fish","anchovy","marine","otter trawl/cast net","sample","Tomales Bay",NA,"38.2093","-122.9292",NA,NA,1,NA,1,0.13,25,5000,1.75,0.17,11.375429244035,NA,NA,NA,NA,1.47880580172455,NA
"50","Zhu et. al 2021","AN TB101_7","fish","anchovy","marine","otter trawl/cast net","sample","Tomales Bay",NA,"38.2093","-122.9292",NA,NA,5.47,NA,1,0.13,25,5000,1.75,0.17,11.375429244035,NA,NA,NA,NA,8.08906773543331,NA
"51","Zhu et. al 2021","AN TB101_8","fish","anchovy","marine","otter trawl/cast net","sample","Tomales Bay",NA,"38.2093","-122.9292",NA,NA,3.87,NA,1,0.13,25,5000,1.75,0.17,11.375429244035,NA,NA,NA,NA,5.72297845267403,NA
"52","Zhu et. al 2021","AN TB101_9","fish","anchovy","marine","otter trawl/cast net","sample","Tomales Bay",NA,"38.2093","-122.9292",NA,NA,7.4,NA,1,0.13,25,5000,1.75,0.17,11.375429244035,NA,NA,NA,NA,10.9431629327617,NA
"53","Zhu et. al 2021","AN TB101_10","fish","anchovy","marine","otter trawl/cast net","sample","Tomales Bay",NA,"38.2093","-122.9292",NA,NA,6,NA,1,0.13,25,5000,1.75,0.17,11.375429244035,NA,NA,NA,NA,8.87283481034733,NA
"54","Zhu et. al 2021","AN TB102_1","fish","anchovy","marine","otter trawl/cast net","sample","Tomales Bay",NA,"38.0908","-122.8358",NA,NA,5.47,NA,1,0.13,25,5000,1.75,0.17,11.375429244035,NA,NA,NA,NA,8.08906773543331,NA
"55","Zhu et. al 2021","AN TB102_2","fish","anchovy","marine","otter trawl/cast net","sample","Tomales Bay",NA,"38.0908","-122.8358",NA,NA,3.6,NA,1,0.13,25,5000,1.75,0.17,11.375429244035,NA,NA,NA,NA,5.3237008862084,NA
"56","Zhu et. al 2021","AN TB102_3","fish","anchovy","marine","otter trawl/cast net","sample","Tomales Bay",NA,"38.0908","-122.8358",NA,NA,0,NA,1,0.13,25,5000,1.75,0.17,11.375429244035,NA,NA,NA,NA,0,NA
"57","Zhu et. al 2021","AN TB102_4","fish","anchovy","marine","otter trawl/cast net","sample","Tomales Bay",NA,"38.0908","-122.8358",NA,NA,2,NA,1,0.13,25,5000,1.75,0.17,11.375429244035,NA,NA,NA,NA,2.95761160344911,NA
"58","Zhu et. al 2021","AN TB102_5","fish","anchovy","marine","otter trawl/cast net","sample","Tomales Bay",NA,"38.0908","-122.8358",NA,NA,2.67,NA,1,0.13,25,5000,1.75,0.17,11.375429244035,NA,NA,NA,NA,3.94841149060456,NA
"59","Zhu et. al 2021","AN TB102_6","fish","anchovy","marine","otter trawl/cast net","sample","Tomales Bay",NA,"38.0908","-122.8358",NA,NA,1.6,NA,1,0.13,25,5000,1.75,0.17,11.375429244035,NA,NA,NA,NA,2.36608928275929,NA
"60","Zhu et. al 2021","AN TB102_7","fish","anchovy","marine","otter trawl/cast net","sample","Tomales Bay",NA,"38.0908","-122.8358",NA,NA,1.13,NA,1,0.13,25,5000,1.75,0.17,11.375429244035,NA,NA,NA,NA,1.67105055594875,NA
"61","Zhu et. al 2021","AN TB102_8","fish","anchovy","marine","otter trawl/cast net","sample","Tomales Bay",NA,"38.0908","-122.8358",NA,NA,1.6,NA,1,0.13,25,5000,1.75,0.17,11.375429244035,NA,NA,NA,NA,2.36608928275929,NA
"62","Zhu et. al 2021","AN TB102_9","fish","anchovy","marine","otter trawl/cast net","sample","Tomales Bay",NA,"38.0908","-122.8358",NA,NA,1.6,NA,1,0.13,25,5000,1.75,0.17,11.375429244035,NA,NA,NA,NA,2.36608928275929,NA
"63","Zhu et. al 2021","AN TB102_10","fish","anchovy","marine","otter trawl/cast net","sample","Tomales Bay",NA,"38.0908","-122.8358",NA,NA,0.87,NA,1,0.13,25,5000,1.75,0.17,11.375429244035,NA,NA,NA,NA,1.28656104750036,NA
"64","Zhu et. al 2021","TS TB101_1","fish","topsmelt","marine","otter trawl/cast net","sample","Tomales Bay",NA,"38.2093","-122.9292",NA,NA,6.33,NA,1,0.13,25,5000,1.75,0.17,11.375429244035,NA,NA,NA,NA,9.36084072491643,NA
"65","Zhu et. al 2021","TS TB101_2","fish","topsmelt","marine","otter trawl/cast net","sample","Tomales Bay",NA,"38.2093","-122.9292",NA,NA,0.13,NA,1,0.13,25,5000,1.75,0.17,11.375429244035,NA,NA,NA,NA,0.192244754224192,NA
"66","Zhu et. al 2021","TS TB101_3","fish","topsmelt","marine","otter trawl/cast net","sample","Tomales Bay",NA,"38.2093","-122.9292",NA,NA,15.4,NA,1,0.13,25,5000,1.75,0.17,11.375429244035,NA,NA,NA,NA,22.7736093465581,NA
"67","Zhu et. al 2021","TS TB101_4","fish","topsmelt","marine","otter trawl/cast net","sample","Tomales Bay",NA,"38.2093","-122.9292",NA,NA,11.27,NA,1,0.13,25,5000,1.75,0.17,11.375429244035,NA,NA,NA,NA,16.6661413854357,NA
"68","Zhu et. al 2021","TS TB101_5","fish","topsmelt","marine","otter trawl/cast net","sample","Tomales Bay",NA,"38.2093","-122.9292",NA,NA,11.4,NA,1,0.13,25,5000,1.75,0.17,11.375429244035,NA,NA,NA,NA,16.8583861396599,NA
"69","Zhu et. al 2021","TS TB101_6","fish","topsmelt","marine","otter trawl/cast net","sample","Tomales Bay",NA,"38.2093","-122.9292",NA,NA,3.27,NA,1,0.13,25,5000,1.75,0.17,11.375429244035,NA,NA,NA,NA,4.83569497163929,NA
"70","Zhu et. al 2021","TS TB101_7","fish","topsmelt","marine","otter trawl/cast net","sample","Tomales Bay",NA,"38.2093","-122.9292",NA,NA,11.33,NA,1,0.13,25,5000,1.75,0.17,11.375429244035,NA,NA,NA,NA,16.7548697335392,NA
"71","Zhu et. al 2021","TS TB101_8","fish","topsmelt","marine","otter trawl/cast net","sample","Tomales Bay",NA,"38.2093","-122.9292",NA,NA,1.87,NA,1,0.13,25,5000,1.75,0.17,11.375429244035,NA,NA,NA,NA,2.76536684922492,NA
"72","Zhu et. al 2021","TS TB101_9","fish","topsmelt","marine","otter trawl/cast net","sample","Tomales Bay",NA,"38.2093","-122.9292",NA,NA,2.4,NA,1,0.13,25,5000,1.75,0.17,11.375429244035,NA,NA,NA,NA,3.54913392413893,NA
"73","Zhu et. al 2021","TS TB101_10","fish","topsmelt","marine","otter trawl/cast net","sample","Tomales Bay",NA,"38.2093","-122.9292",NA,NA,1,NA,1,0.13,25,5000,1.75,0.17,11.375429244035,NA,NA,NA,NA,1.47880580172455,NA
"74","Zhu et. al 2021","TS CB106_1","fish","topsmelt","marine","otter trawl/cast net","sample","Central Bay",NA,"37.7579","-122.3055",NA,NA,11.13,NA,1,0.21,25,5000,1.75,0.17,11.375429244035,NA,NA,NA,NA,26.5877907720831,NA
"75","Zhu et. al 2021","TS CB106_2","fish","topsmelt","marine","otter trawl/cast net","sample","Central Bay",NA,"37.7579","-122.3055",NA,NA,9.07,NA,1,0.21,25,5000,1.75,0.17,11.375429244035,NA,NA,NA,NA,21.6667800811135,NA
"76","Zhu et. al 2021","TS CB106_3","fish","topsmelt","marine","otter trawl/cast net","sample","Central Bay",NA,"37.7579","-122.3055",NA,NA,3.93,NA,1,0.21,25,5000,1.75,0.17,11.375429244035,NA,NA,NA,NA,9.38814175510212,NA
"77","Zhu et. al 2021","TS CB106_4","fish","topsmelt","marine","otter trawl/cast net","sample","Central Bay",NA,"37.7579","-122.3055",NA,NA,8.87,NA,1,0.21,25,5000,1.75,0.17,11.375429244035,NA,NA,NA,NA,21.1890120528641,NA
"78","Zhu et. al 2021","TS CB106_5","fish","topsmelt","marine","otter trawl/cast net","sample","Central Bay",NA,"37.7579","-122.3055",NA,NA,9.4,NA,1,0.21,25,5000,1.75,0.17,11.375429244035,NA,NA,NA,NA,22.4550973277252,NA
"79","Zhu et. al 2021","TS CB106_6","fish","topsmelt","marine","otter trawl/cast net","sample","Central Bay",NA,"37.7579","-122.3055",NA,NA,3.4,NA,1,0.21,25,5000,1.75,0.17,11.375429244035,NA,NA,NA,NA,8.12205648024101,NA
"80","Zhu et. al 2021","TS CB106_7","fish","topsmelt","marine","otter trawl/cast net","sample","Central Bay",NA,"37.7579","-122.3055",NA,NA,9,NA,1,0.21,25,5000,1.75,0.17,11.375429244035,NA,NA,NA,NA,21.4995612712262,NA
"81","Zhu et. al 2021","TS CB106_8","fish","topsmelt","marine","otter trawl/cast net","sample","Central Bay",NA,"37.7579","-122.3055",NA,NA,16.4,NA,1,0.21,25,5000,1.75,0.17,11.375429244035,NA,NA,NA,NA,39.1769783164567,NA
"82","Zhu et. al 2021","TS CB106_9","fish","topsmelt","marine","otter trawl/cast net","sample","Central Bay",NA,"37.7579","-122.3055",NA,NA,6.6,NA,1,0.21,25,5000,1.75,0.17,11.375429244035,NA,NA,NA,NA,15.7663449322326,NA
"83","Zhu et. al 2021","TS CB106_10","fish","topsmelt","marine","otter trawl/cast net","sample","Central Bay",NA,"37.7579","-122.3055",NA,NA,1.8,NA,1,0.21,25,5000,1.75,0.17,11.375429244035,NA,NA,NA,NA,4.29991225424524,NA
"84","Zhu et. al 2021","AN CB106_1","fish","anchovy","marine","otter trawl/cast net","sample","Central Bay",NA,"37.7579","-122.3055",NA,NA,17.53,NA,1,0.21,25,5000,1.75,0.17,11.375429244035,NA,NA,NA,NA,41.8763676760662,NA
"85","Zhu et. al 2021","AN CB106_2","fish","anchovy","marine","otter trawl/cast net","sample","Central Bay",NA,"37.7579","-122.3055",NA,NA,17.27,NA,1,0.21,25,5000,1.75,0.17,11.375429244035,NA,NA,NA,NA,41.2552692393419,NA
"86","Zhu et. al 2021","AN CB106_3","fish","anchovy","marine","otter trawl/cast net","sample","Central Bay",NA,"37.7579","-122.3055",NA,NA,11.07,NA,1,0.21,25,5000,1.75,0.17,11.375429244035,NA,NA,NA,NA,26.4444603636082,NA
"87","Zhu et. al 2021","AN CB106_4","fish","anchovy","marine","otter trawl/cast net","sample","Central Bay",NA,"37.7579","-122.3055",NA,NA,24,NA,1,0.21,25,5000,1.75,0.17,11.375429244035,NA,NA,NA,NA,57.3321633899366,NA
"88","Zhu et. al 2021","AN CB106_5","fish","anchovy","marine","otter trawl/cast net","sample","Central Bay",NA,"37.7579","-122.3055",NA,NA,20.33,NA,1,0.21,25,5000,1.75,0.17,11.375429244035,NA,NA,NA,NA,48.5651200715588,NA
"89","Zhu et. al 2021","AN CB106_6","fish","anchovy","marine","otter trawl/cast net","sample","Central Bay",NA,"37.7579","-122.3055",NA,NA,14.53,NA,1,0.21,25,5000,1.75,0.17,11.375429244035,NA,NA,NA,NA,34.7098472523241,NA
"90","Zhu et. al 2021","AN CB106_7","fish","anchovy","marine","otter trawl/cast net","sample","Central Bay",NA,"37.7579","-122.3055",NA,NA,17.73,NA,1,0.21,25,5000,1.75,0.17,11.375429244035,NA,NA,NA,NA,42.3541357043156,NA
"91","Zhu et. al 2021","AN CB106_8","fish","anchovy","marine","otter trawl/cast net","sample","Central Bay",NA,"37.7579","-122.3055",NA,NA,9.53,NA,1,0.21,25,5000,1.75,0.17,11.375429244035,NA,NA,NA,NA,22.7656465460873,NA
"92","Zhu et. al 2021","AN CB106_9","fish","anchovy","marine","otter trawl/cast net","sample","Central Bay",NA,"37.7579","-122.3055",NA,NA,13.47,NA,1,0.21,25,5000,1.75,0.17,11.375429244035,NA,NA,NA,NA,32.1776767026019,NA
"93","Zhu et. al 2021","AN CB106_10","fish","anchovy","marine","otter trawl/cast net","sample","Central Bay",NA,"37.7579","-122.3055",NA,NA,14.6,NA,1,0.21,25,5000,1.75,0.17,11.375429244035,NA,NA,NA,NA,34.8770660622114,NA
"94","Zhu et. al 2021","AN CB010_1","fish","anchovy","marine","otter trawl/cast net","sample","Central Bay",NA,"37.9067","-122.3467",NA,NA,35.13,NA,1,0.21,25,5000,1.75,0.17,11.375429244035,NA,NA,NA,NA,83.9199541620197,NA
"95","Zhu et. al 2021","AN CB010_2","fish","anchovy","marine","otter trawl/cast net","sample","Central Bay",NA,"37.9067","-122.3467",NA,NA,20.4,NA,1,0.21,25,5000,1.75,0.17,11.375429244035,NA,NA,NA,NA,48.7323388814461,NA
"96","Zhu et. al 2021","AN CB010_4","fish","anchovy","marine","otter trawl/cast net","sample","Central Bay",NA,"37.9067","-122.3467",NA,NA,28.13,NA,1,0.21,25,5000,1.75,0.17,11.375429244035,NA,NA,NA,NA,67.1980731732882,NA
"97","Zhu et. al 2021","AN CB010_3","fish","anchovy","marine","otter trawl/cast net","sample","Central Bay",NA,"37.9067","-122.3467",NA,NA,13.13,NA,1,0.21,25,5000,1.75,0.17,11.375429244035,NA,NA,NA,NA,31.3654710545778,NA
"98","Zhu et. al 2021","AN CB010_5","fish","anchovy","marine","otter trawl/cast net","sample","Central Bay",NA,"37.9067","-122.3467",NA,NA,13.13,NA,1,0.21,25,5000,1.75,0.17,11.375429244035,NA,NA,NA,NA,31.3654710545778,NA
"99","Zhu et. al 2021","AN CB010_6","fish","anchovy","marine","otter trawl/cast net","sample","Central Bay",NA,"37.9067","-122.3467",NA,NA,5.73,NA,1,0.21,25,5000,1.75,0.17,11.375429244035,NA,NA,NA,NA,13.6880540093474,NA
"100","Zhu et. al 2021","AN CB010_7","fish","anchovy","marine","otter trawl/cast net","sample","Central Bay",NA,"37.9067","-122.3467",NA,NA,14.4,NA,1,0.21,25,5000,1.75,0.17,11.375429244035,NA,NA,NA,NA,34.3992980339619,NA
"101","Zhu et. al 2021","AN CB010_8","fish","anchovy","marine","otter trawl/cast net","sample","Central Bay",NA,"37.9067","-122.3467",NA,NA,15.07,NA,1,0.21,25,5000,1.75,0.17,11.375429244035,NA,NA,NA,NA,35.9998209285977,NA
"102","Zhu et. al 2021","AN CB010_9","fish","anchovy","marine","otter trawl/cast net","sample","Central Bay",NA,"37.9067","-122.3467",NA,NA,21.93,NA,1,0.21,25,5000,1.75,0.17,11.375429244035,NA,NA,NA,NA,52.3872642975545,NA
"103","Zhu et. al 2021","AN CB010_10","fish","anchovy","marine","otter trawl/cast net","sample","Central Bay",NA,"37.9067","-122.3467",NA,NA,7.4,NA,1,0.21,25,5000,1.75,0.17,11.375429244035,NA,NA,NA,NA,17.6774170452304,NA
"104","Zhu et. al 2021","TS CB010_1","fish","topsmelt","marine","otter trawl/cast net","sample","Central Bay",NA,"37.9067","-122.3467",NA,NA,21.6,NA,1,0.21,25,5000,1.75,0.17,11.375429244035,NA,NA,NA,NA,51.5989470509429,NA
"105","Zhu et. al 2021","TS CB010_2","fish","topsmelt","marine","otter trawl/cast net","sample","Central Bay",NA,"37.9067","-122.3467",NA,NA,35.4,NA,1,0.21,25,5000,1.75,0.17,11.375429244035,NA,NA,NA,NA,84.5649410001564,NA
"106","Zhu et. al 2021","TS CB010_3","fish","topsmelt","marine","otter trawl/cast net","sample","Central Bay",NA,"37.9067","-122.3467",NA,NA,22.53,NA,1,0.21,25,5000,1.75,0.17,11.375429244035,NA,NA,NA,NA,53.820568382303,NA
"107","Zhu et. al 2021","TS CB010_4","fish","topsmelt","marine","otter trawl/cast net","sample","Central Bay",NA,"37.9067","-122.3467",NA,NA,6.67,NA,1,0.21,25,5000,1.75,0.17,11.375429244035,NA,NA,NA,NA,15.9335637421199,NA
"108","Zhu et. al 2021","TS CB010_5","fish","topsmelt","marine","otter trawl/cast net","sample","Central Bay",NA,"37.9067","-122.3467",NA,NA,12.33,NA,1,0.21,25,5000,1.75,0.17,11.375429244035,NA,NA,NA,NA,29.4543989415799,NA
"109","Zhu et. al 2021","TS CB010_6","fish","topsmelt","marine","otter trawl/cast net","sample","Central Bay",NA,"37.9067","-122.3467",NA,NA,18.87,NA,1,0.21,25,5000,1.75,0.17,11.375429244035,NA,NA,NA,NA,45.0774134653376,NA
"110","Zhu et. al 2021","TS CB010_7","fish","topsmelt","marine","otter trawl/cast net","sample","Central Bay",NA,"37.9067","-122.3467",NA,NA,8.4,NA,1,0.21,25,5000,1.75,0.17,11.375429244035,NA,NA,NA,NA,20.0662571864778,NA
"111","Zhu et. al 2021","TS CB010_8","fish","topsmelt","marine","otter trawl/cast net","sample","Central Bay",NA,"37.9067","-122.3467",NA,NA,3.4,NA,1,0.21,25,5000,1.75,0.17,11.375429244035,NA,NA,NA,NA,8.12205648024101,NA
"112","Zhu et. al 2021","AN SOSL40_1","fish","anchovy","marine","otter trawl/cast net","sample","general",NA,"37.4621","-122.0217",NA,NA,9,NA,1,0.1775,25,5000,1.75,0.17,11.375429244035,NA,NA,NA,NA,18.172248217346,NA
"113","Zhu et. al 2021","AN SOSL40_2","fish","anchovy","marine","otter trawl/cast net","sample","general",NA,"37.4621","-122.0217",NA,NA,0.73,NA,1,0.1775,25,5000,1.75,0.17,11.375429244035,NA,NA,NA,NA,1.47397124429584,NA
"114","Zhu et. al 2021","AN SOSL40_3","fish","anchovy","marine","otter trawl/cast net","sample","general",NA,"37.4621","-122.0217",NA,NA,2.47,NA,1,0.1775,25,5000,1.75,0.17,11.375429244035,NA,NA,NA,NA,4.98727256631606,NA
"115","Zhu et. al 2021","AN SOSL40_4","fish","anchovy","marine","otter trawl/cast net","sample","general",NA,"37.4621","-122.0217",NA,NA,7.27,NA,1,0.1775,25,5000,1.75,0.17,11.375429244035,NA,NA,NA,NA,14.6791382822339,NA
"116","Zhu et. al 2021","AN SOSL40_5","fish","anchovy","marine","otter trawl/cast net","sample","general",NA,"37.4621","-122.0217",NA,NA,2.4,NA,1,0.1775,25,5000,1.75,0.17,11.375429244035,NA,NA,NA,NA,4.84593285795892,NA
"117","Zhu et. al 2021","AN SOSL40_6","fish","anchovy","marine","otter trawl/cast net","sample","general",NA,"37.4621","-122.0217",NA,NA,1.67,NA,1,0.1775,25,5000,1.75,0.17,11.375429244035,NA,NA,NA,NA,3.37196161366309,NA
"118","Zhu et. al 2021","AN SOSL40_7","fish","anchovy","marine","otter trawl/cast net","sample","general",NA,"37.4621","-122.0217",NA,NA,2.73,NA,1,0.1775,25,5000,1.75,0.17,11.375429244035,NA,NA,NA,NA,5.51224862592828,NA
"119","Zhu et. al 2021","AN SOSL40_8","fish","anchovy","marine","otter trawl/cast net","sample","general",NA,"37.4621","-122.0217",NA,NA,5.4,NA,1,0.1775,25,5000,1.75,0.17,11.375429244035,NA,NA,NA,NA,10.9033489304076,NA
"120","Zhu et. al 2021","AN SOSL40_9","fish","anchovy","marine","otter trawl/cast net","sample","general",NA,"37.4621","-122.0217",NA,NA,0.73,NA,1,0.1775,25,5000,1.75,0.17,11.375429244035,NA,NA,NA,NA,1.47397124429584,NA
"121","Zhu et. al 2021","AN SOSL40_10","fish","anchovy","marine","otter trawl/cast net","sample","general",NA,"37.4621","-122.0217",NA,NA,1.67,NA,1,0.1775,25,5000,1.75,0.17,11.375429244035,NA,NA,NA,NA,3.37196161366309,NA
"122","Zhu et. al 2021","AN SB074_1","fish","anchovy","marine","otter trawl/cast net","sample",NA,NA,"37.5277","-122.184",NA,NA,3.6,NA,1,0.22,25,5000,1.75,0.17,11.375429244035,NA,NA,NA,NA,9.00933996127575,NA
"123","Zhu et. al 2021","AN SB074_2","fish","anchovy","marine","otter trawl/cast net","sample",NA,NA,"37.5277","-122.184",NA,NA,1.73,NA,1,0.22,25,5000,1.75,0.17,11.375429244035,NA,NA,NA,NA,4.32948837027973,NA
"124","Zhu et. al 2021","AN SB074_3","fish","anchovy","marine","otter trawl/cast net","sample",NA,NA,"37.5277","-122.184",NA,NA,1,NA,1,0.22,25,5000,1.75,0.17,11.375429244035,NA,NA,NA,NA,2.50259443368771,NA
"125","Zhu et. al 2021","AN SB074_4","fish","anchovy","marine","otter trawl/cast net","sample",NA,NA,"37.5277","-122.184",NA,NA,1.67,NA,1,0.22,25,5000,1.75,0.17,11.375429244035,NA,NA,NA,NA,4.17933270425847,NA
"126","Zhu et. al 2021","AN SB074_5","fish","anchovy","marine","otter trawl/cast net","sample",NA,NA,"37.5277","-122.184",NA,NA,12.87,NA,1,0.22,25,5000,1.75,0.17,11.375429244035,NA,NA,NA,NA,32.2083903615608,NA
"127","Zhu et. al 2021","AN SB074_6","fish","anchovy","marine","otter trawl/cast net","sample",NA,NA,"37.5277","-122.184",NA,NA,4.53,NA,1,0.22,25,5000,1.75,0.17,11.375429244035,NA,NA,NA,NA,11.3367527846053,NA
"128","Zhu et. al 2021","AN SB074_7","fish","anchovy","marine","otter trawl/cast net","sample",NA,NA,"37.5277","-122.184",NA,NA,3.4,NA,1,0.22,25,5000,1.75,0.17,11.375429244035,NA,NA,NA,NA,8.50882107453821,NA
"129","Zhu et. al 2021","AN SB074_8","fish","anchovy","marine","otter trawl/cast net","sample",NA,NA,"37.5277","-122.184",NA,NA,3.73,NA,1,0.22,25,5000,1.75,0.17,11.375429244035,NA,NA,NA,NA,9.33467723765515,NA
"130","Zhu et. al 2021","AN SB074_9","fish","anchovy","marine","otter trawl/cast net","sample",NA,NA,"37.5277","-122.184",NA,NA,1.87,NA,1,0.22,25,5000,1.75,0.17,11.375429244035,NA,NA,NA,NA,4.67985159099601,NA
"131","Zhu et. al 2021","AN SB074_10","fish","anchovy","marine","otter trawl/cast net","sample",NA,NA,"37.5277","-122.184",NA,NA,4.73,NA,1,0.22,25,5000,1.75,0.17,11.375429244035,NA,NA,NA,NA,11.8372716713429,NA
"132","Zhu et. al 2021","TS SB074_1","fish","topsmelt","marine","otter trawl/cast net","sample",NA,NA,"37.5277","-122.184",NA,NA,10.13,NA,1,0.22,25,5000,1.75,0.17,11.375429244035,NA,NA,NA,NA,25.3512816132565,NA
"133","Zhu et. al 2021","TS SB074_2","fish","topsmelt","marine","otter trawl/cast net","sample",NA,NA,"37.5277","-122.184",NA,NA,27.13,NA,1,0.22,25,5000,1.75,0.17,11.375429244035,NA,NA,NA,NA,67.8953869859475,NA
"134","Zhu et. al 2021","TS SB074_3","fish","topsmelt","marine","otter trawl/cast net","sample",NA,NA,"37.5277","-122.184",NA,NA,31.2,NA,1,0.22,25,5000,1.75,0.17,11.375429244035,NA,NA,NA,NA,78.0809463310565,NA
"135","Zhu et. al 2021","TS SB074_4","fish","topsmelt","marine","otter trawl/cast net","sample",NA,NA,"37.5277","-122.184",NA,NA,35.13,NA,1,0.22,25,5000,1.75,0.17,11.375429244035,NA,NA,NA,NA,87.9161424554492,NA
"136","Zhu et. al 2021","TS SB074_5","fish","topsmelt","marine","otter trawl/cast net","sample",NA,NA,"37.5277","-122.184",NA,NA,27,NA,1,0.22,25,5000,1.75,0.17,11.375429244035,NA,NA,NA,NA,67.5700497095681,NA
"137","Zhu et. al 2021","TS SB074_6","fish","topsmelt","marine","otter trawl/cast net","sample",NA,NA,"37.5277","-122.184",NA,NA,24,NA,1,0.22,25,5000,1.75,0.17,11.375429244035,NA,NA,NA,NA,60.062266408505,NA
"138","Zhu et. al 2021","TS SB074_7","fish","topsmelt","marine","otter trawl/cast net","sample",NA,NA,"37.5277","-122.184",NA,NA,56.13,NA,1,0.22,25,5000,1.75,0.17,11.375429244035,NA,NA,NA,NA,140.470625562891,NA
"139","Zhu et. al 2021","TS SB074_8","fish","topsmelt","marine","otter trawl/cast net","sample",NA,NA,"37.5277","-122.184",NA,NA,16.27,NA,1,0.22,25,5000,1.75,0.17,11.375429244035,NA,NA,NA,NA,40.717211436099,NA
"140","Zhu et. al 2021","TS SB074_9","fish","topsmelt","marine","otter trawl/cast net","sample",NA,NA,"37.5277","-122.184",NA,NA,21.13,NA,1,0.22,25,5000,1.75,0.17,11.375429244035,NA,NA,NA,NA,52.8798203838213,NA
"141","Zhu et. al 2021","TS SB074_10","fish","topsmelt","marine","otter trawl/cast net","sample",NA,NA,"37.5277","-122.184",NA,NA,28.13,NA,1,0.22,25,5000,1.75,0.17,11.375429244035,NA,NA,NA,NA,70.3979814196352,NA
"142","Zhu et. al 2021","AN CB037_1","fish","anchovy","marine","otter trawl/cast net","sample","Central Bay",NA,"37.6414","-122.3945",NA,NA,22.27,NA,1,0.21,25,5000,1.75,0.17,11.375429244035,NA,NA,NA,NA,53.1994699455786,NA
"143","Zhu et. al 2021","AN CB037_2","fish","anchovy","marine","otter trawl/cast net","sample","Central Bay",NA,"37.6414","-122.3945",NA,NA,9.27,NA,1,0.21,25,5000,1.75,0.17,11.375429244035,NA,NA,NA,NA,22.144548109363,NA
"144","Zhu et. al 2021","AN CB037_3","fish","anchovy","marine","otter trawl/cast net","sample","Central Bay",NA,"37.6414","-122.3945",NA,NA,24.07,NA,1,0.21,25,5000,1.75,0.17,11.375429244035,NA,NA,NA,NA,57.4993821998239,NA
"145","Zhu et. al 2021","AN CB037_4","fish","anchovy","marine","otter trawl/cast net","sample","Central Bay",NA,"37.6414","-122.3945",NA,NA,7.4,NA,1,0.21,25,5000,1.75,0.17,11.375429244035,NA,NA,NA,NA,17.6774170452304,NA
"146","Zhu et. al 2021","AN CB037_5","fish","anchovy","marine","otter trawl/cast net","sample","Central Bay",NA,"37.6414","-122.3945",NA,NA,12.27,NA,1,0.21,25,5000,1.75,0.17,11.375429244035,NA,NA,NA,NA,29.3110685331051,NA
"147","Zhu et. al 2021","AN CB037_6","fish","anchovy","marine","otter trawl/cast net","sample","Central Bay",NA,"37.6414","-122.3945",NA,NA,7.13,NA,1,0.21,25,5000,1.75,0.17,11.375429244035,NA,NA,NA,NA,17.0324302070937,NA
"148","Zhu et. al 2021","AN CB037_7","fish","anchovy","marine","otter trawl/cast net","sample","Central Bay",NA,"37.6414","-122.3945",NA,NA,7.53,NA,1,0.21,25,5000,1.75,0.17,11.375429244035,NA,NA,NA,NA,17.9879662635926,NA
"149","Zhu et. al 2021","AN CB037_8","fish","anchovy","marine","otter trawl/cast net","sample","Central Bay",NA,"37.6414","-122.3945",NA,NA,7.87,NA,1,0.21,25,5000,1.75,0.17,11.375429244035,NA,NA,NA,NA,18.8001719116167,NA
"150","Zhu et. al 2021","AN CB037_9","fish","anchovy","marine","otter trawl/cast net","sample","Central Bay",NA,"37.6414","-122.3945",NA,NA,2.13,NA,1,0.21,25,5000,1.75,0.17,11.375429244035,NA,NA,NA,NA,5.08822950085687,NA
"151","Zhu et. al 2021","AN CB037_10","fish","anchovy","marine","otter trawl/cast net","sample","Central Bay",NA,"37.6414","-122.3945",NA,NA,1.93,NA,1,0.21,25,5000,1.75,0.17,11.375429244035,NA,NA,NA,NA,4.6104614726074,NA
"152","Zhu et. al 2021","TS CB037_1","fish","topsmelt","marine","otter trawl/cast net","sample","Central Bay",NA,"37.6414","-122.3945",NA,NA,7.87,NA,1,0.21,25,5000,1.75,0.17,11.375429244035,NA,NA,NA,NA,18.8001719116167,NA
"153","Zhu et. al 2021","TS CB037_2","fish","topsmelt","marine","otter trawl/cast net","sample","Central Bay",NA,"37.6414","-122.3945",NA,NA,1.53,NA,1,0.21,25,5000,1.75,0.17,11.375429244035,NA,NA,NA,NA,3.65492541610846,NA
"154","Zhu et. al 2021","TS CB037_3","fish","topsmelt","marine","otter trawl/cast net","sample","Central Bay",NA,"37.6414","-122.3945",NA,NA,2.8,NA,1,0.21,25,5000,1.75,0.17,11.375429244035,NA,NA,NA,NA,6.6887523954926,NA
"155","Zhu et. al 2021","TS CB037_4","fish","topsmelt","marine","otter trawl/cast net","sample","Central Bay",NA,"37.6414","-122.3945",NA,NA,8.4,NA,1,0.21,25,5000,1.75,0.17,11.375429244035,NA,NA,NA,NA,20.0662571864778,NA
"156","Zhu et. al 2021","TS CB037_5","fish","topsmelt","marine","otter trawl/cast net","sample","Central Bay",NA,"37.6414","-122.3945",NA,NA,12.4,NA,1,0.21,25,5000,1.75,0.17,11.375429244035,NA,NA,NA,NA,29.6216177514672,NA
"157","Zhu et. al 2021","TS CB037_6","fish","topsmelt","marine","otter trawl/cast net","sample","Central Bay",NA,"37.6414","-122.3945",NA,NA,3.87,NA,1,0.21,25,5000,1.75,0.17,11.375429244035,NA,NA,NA,NA,9.24481134662727,NA
"158","Zhu et. al 2021","TS CB037_7","fish","topsmelt","marine","otter trawl/cast net","sample","Central Bay",NA,"37.6414","-122.3945",NA,NA,8.87,NA,1,0.21,25,5000,1.75,0.17,11.375429244035,NA,NA,NA,NA,21.1890120528641,NA
"159","Zhu et. al 2021","TS CB037_8","fish","topsmelt","marine","otter trawl/cast net","sample","Central Bay",NA,"37.6414","-122.3945",NA,NA,6.47,NA,1,0.21,25,5000,1.75,0.17,11.375429244035,NA,NA,NA,NA,15.4557957138704,NA
"160","Zhu et. al 2021","TS CB037_9","fish","topsmelt","marine","otter trawl/cast net","sample","Central Bay",NA,"37.6414","-122.3945",NA,NA,4.53,NA,1,0.21,25,5000,1.75,0.17,11.375429244035,NA,NA,NA,NA,10.8214458398505,NA
"161","Zhu et. al 2021","TS CB037_10","fish","topsmelt","marine","otter trawl/cast net","sample","Central Bay",NA,"37.6414","-122.3945",NA,NA,2.87,NA,1,0.21,25,5000,1.75,0.17,11.375429244035,NA,NA,NA,NA,6.85597120537992,NA
"162","Zhu et. al 2021","TS SOSL40_1","fish","topsmelt","marine","otter trawl/cast net","sample","general",NA,"37.4621","-122.0217",NA,NA,32.93,NA,1,0.1775,25,5000,1.75,0.17,11.375429244035,NA,NA,NA,NA,66.4902370885781,NA
"163","Zhu et. al 2021","TS SOSL40_2","fish","topsmelt","marine","otter trawl/cast net","sample","general",NA,"37.4621","-122.0217",NA,NA,15.6,NA,1,0.1775,25,5000,1.75,0.17,11.375429244035,NA,NA,NA,NA,31.498563576733,NA
"164","Zhu et. al 2021","TS SOSL40_3","fish","topsmelt","marine","otter trawl/cast net","sample","general",NA,"37.4621","-122.0217",NA,NA,44.13,NA,1,0.1775,25,5000,1.75,0.17,11.375429244035,NA,NA,NA,NA,89.1045904257197,NA
"165","Zhu et. al 2021","TS SOSL40_4","fish","topsmelt","marine","otter trawl/cast net","sample","general",NA,"37.4621","-122.0217",NA,NA,17.47,NA,1,0.1775,25,5000,1.75,0.17,11.375429244035,NA,NA,NA,NA,35.2743529285593,NA
"166","Zhu et. al 2021","TS SOSL40_5","fish","topsmelt","marine","otter trawl/cast net","sample","general",NA,"37.4621","-122.0217",NA,NA,4,NA,1,0.1775,25,5000,1.75,0.17,11.375429244035,NA,NA,NA,NA,8.07655476326487,NA
"167","Zhu et. al 2021","TS SOSL40_6","fish","topsmelt","marine","otter trawl/cast net","sample","general",NA,"37.4621","-122.0217",NA,NA,6.53,NA,1,0.1775,25,5000,1.75,0.17,11.375429244035,NA,NA,NA,NA,13.1849756510299,NA
"168","Zhu et. al 2021","TS SOSL40_7","fish","topsmelt","marine","otter trawl/cast net","sample","general",NA,"37.4621","-122.0217",NA,NA,8.8,NA,1,0.1775,25,5000,1.75,0.17,11.375429244035,NA,NA,NA,NA,17.7684204791827,NA
"169","Zhu et. al 2021","TS SOSL40_8","fish","topsmelt","marine","otter trawl/cast net","sample","general",NA,"37.4621","-122.0217",NA,NA,10.27,NA,1,0.1775,25,5000,1.75,0.17,11.375429244035,NA,NA,NA,NA,20.7365543546826,NA
"170","Zhu et. al 2021","TS SOSL40_9","fish","topsmelt","marine","otter trawl/cast net","sample","general",NA,"37.4621","-122.0217",NA,NA,7.8,NA,1,0.1775,25,5000,1.75,0.17,11.375429244035,NA,NA,NA,NA,15.7492817883665,NA
"171","Zhu et. al 2021","TS SOSL40_10","fish","topsmelt","marine","otter trawl/cast net","sample","general",NA,"37.4621","-122.0217",NA,NA,0.8,NA,1,0.1775,25,5000,1.75,0.17,11.375429244035,NA,NA,NA,NA,1.61531095265297,NA
"172","Zhu et. al 2021","TS TB102_1","fish","topsmelt","marine","otter trawl/cast net","sample","Tomales Bay",NA,"38.0908","-122.8358",NA,NA,20.47,NA,1,0.13,25,5000,1.75,0.17,11.375429244035,NA,NA,NA,NA,30.2711547613016,NA
"173","Zhu et. al 2021","TS TB102_2","fish","topsmelt","marine","otter trawl/cast net","sample","Tomales Bay",NA,"38.0908","-122.8358",NA,NA,13.33,NA,1,0.13,25,5000,1.75,0.17,11.375429244035,NA,NA,NA,NA,19.7124813369883,NA
"174","Zhu et. al 2021","TS TB102_3","fish","topsmelt","marine","otter trawl/cast net","sample","Tomales Bay",NA,"38.0908","-122.8358",NA,NA,4.27,NA,1,0.13,25,5000,1.75,0.17,11.375429244035,NA,NA,NA,NA,6.31450077336385,NA
"175","Zhu et. al 2021","TS TB102_4","fish","topsmelt","marine","otter trawl/cast net","sample","Tomales Bay",NA,"38.0908","-122.8358",NA,NA,2.6,NA,1,0.13,25,5000,1.75,0.17,11.375429244035,NA,NA,NA,NA,3.84489508448384,NA
"176","Zhu et. al 2021","TS TB102_5","fish","topsmelt","marine","otter trawl/cast net","sample","Tomales Bay",NA,"38.0908","-122.8358",NA,NA,6.4,NA,1,0.13,25,5000,1.75,0.17,11.375429244035,NA,NA,NA,NA,9.46435713103715,NA
"177","Zhu et. al 2021","TS TB102_6","fish","topsmelt","marine","otter trawl/cast net","sample","Tomales Bay",NA,"38.0908","-122.8358",NA,NA,6.47,NA,1,0.13,25,5000,1.75,0.17,11.375429244035,NA,NA,NA,NA,9.56787353715787,NA
"178","Zhu et. al 2021","TS TB102_7","fish","topsmelt","marine","otter trawl/cast net","sample","Tomales Bay",NA,"38.0908","-122.8358",NA,NA,1,NA,1,0.13,25,5000,1.75,0.17,11.375429244035,NA,NA,NA,NA,1.47880580172455,NA
"179","Zhu et. al 2021","TS TB102_8","fish","topsmelt","marine","otter trawl/cast net","sample","Tomales Bay",NA,"38.0908","-122.8358",NA,NA,3.73,NA,1,0.13,25,5000,1.75,0.17,11.375429244035,NA,NA,NA,NA,5.51594564043259,NA
"180","Zhu et. al 2021","TS TB102_9","fish","topsmelt","marine","otter trawl/cast net","sample","Tomales Bay",NA,"38.0908","-122.8358",NA,NA,2.27,NA,1,0.13,25,5000,1.75,0.17,11.375429244035,NA,NA,NA,NA,3.35688916991474,NA
"181","Zhu et. al 2021","TS TB102_10","fish","topsmelt","marine","otter trawl/cast net","sample","Tomales Bay",NA,"38.0908","-122.8358",NA,NA,5.6,NA,1,0.13,25,5000,1.75,0.17,11.375429244035,NA,NA,NA,NA,8.28131248965751,NA
"182","Zhu et. al 2021","RMP_14SC_1153","sediment","sediment","marine","Van Veen Grab","sample","general",NA,"37.8766","-122.3615",NA,NA,NA,425.56,1,0.38,45,5000,2.89,0.44,1332.38787531236,NA,NA,NA,NA,NA,215464.174002812
"183","Zhu et. al 2021","﻿15RMPMC_CB10_MP1","sediment","sediment","marine","Van Veen Grab","sample","Central Bay",NA,"37.9067","-122.3467",NA,NA,NA,1140.55,1,0.44,45,5000,2.89,0.44,1332.38787531236,NA,NA,NA,NA,NA,668648.196122505
"184","Zhu et. al 2021","15RMPMC-CB15-MP1","sediment","sediment","marine","Van Veen Grab","sample","Central Bay",NA,"37.8279","-122.3034",NA,NA,NA,1610.94,1,0.44,45,5000,2.89,0.44,1332.38787531236,NA,NA,NA,NA,NA,944414.646496504
"185","Zhu et. al 2021","15RMPMC_CB32_MP1","sediment","sediment","marine","Van Veen Grab","sample","Central Bay",NA,"37.7566","-122.2204",NA,NA,NA,12095.68,1,0.44,45,5000,2.89,0.44,1332.38787531236,NA,NA,NA,NA,NA,7091100.4452896
"186","Zhu et. al 2021","﻿15RMPC_CB37_MP1","sediment","sediment","marine","Van Veen Grab","sample","Central Bay",NA,"37.6414","-122.3945",NA,NA,NA,2730.69,1,0.44,45,5000,2.89,0.44,1332.38787531236,NA,NA,NA,NA,NA,1600868.82878415
"187","Zhu et. al 2021","17MMP_S_LSB02_MP_1","sediment","sediment","marine","Van Veen Grab","sample","Lower South Bay",NA,"37.4628","-122.105",NA,NA,NA,42104.17,1,0.5,45,5000,2.89,0.44,1332.38787531236,NA,NA,NA,NA,NA,28049542.8040452
"188","Zhu et. al 2021","17MMP_S_LSB04_MP_1","sediment","sediment","marine","Van Veen Grab","sample","Lower South Bay",NA,"37.4864","-122.069",NA,NA,NA,3647.26,1,0.5,45,5000,2.89,0.44,1332.38787531236,NA,NA,NA,NA,NA,2429782.50105588
"189","Zhu et. al 2021","17MMP-S-LSB06-MP","sediment","sediment","marine","Van Veen Grab","sample","Lower South Bay",NA,"37.4576","-122.092",NA,NA,NA,7108.7,1,0.5,45,5000,2.89,0.44,1332.38787531236,NA,NA,NA,NA,NA,4735772.84461648
"190","Zhu et. al 2021","15RMP_14SC_1270 ","sediment","sediment","marine","Van Veen Grab","sample","general",NA,"37.6104","-122.167",NA,NA,NA,2893.81,1,0.38,45,5000,2.89,0.44,1332.38787531236,NA,NA,NA,NA,NA,1465157.39583391
"191","Zhu et. al 2021","17MMP_S_SB051_MP_1","sediment","sediment","marine","Van Veen Grab","sample",NA,NA,"37.6018","-122.362",NA,NA,NA,835.84,1,0.39,45,5000,2.89,0.44,1332.38787531236,NA,NA,NA,NA,NA,434328.601863422
"192","Zhu et. al 2021","17MMP_SB056_MP_1","sediment","sediment","marine","Van Veen Grab","sample",NA,NA,"37.5605","-122.131",NA,NA,NA,26.67,1,0.39,45,5000,2.89,0.44,1332.38787531236,NA,NA,NA,NA,NA,13858.5660074864
"193","Zhu et. al 2021","17MMP_S_SB074_MP_1","sediment","sediment","marine","Van Veen Grab","sample",NA,NA,"37.5277","-122.184",NA,NA,NA,313.33,1,0.39,45,5000,2.89,0.44,1332.38787531236,NA,NA,NA,NA,NA,162816.066258932
"194","Zhu et. al 2021","17MMP_S_SOSL16_MP_1","sediment","sediment","marine","Van Veen Grab","sample","general",NA,"37.4576","-122.04",NA,NA,NA,9270.83,1,0.38,45,5000,2.89,0.44,1332.38787531236,NA,NA,NA,NA,NA,4693889.76471119
"195","Zhu et. al 2021","17MMP_S_SOSL40_MP1","sediment","sediment","marine","Van Veen Grab","sample","general",NA,"37.4621","-122.022",NA,NA,NA,7045.45,1,0.38,45,5000,2.89,0.44,1332.38787531236,NA,NA,NA,NA,NA,3567163.41932539
"196","Zhu et. al 2021","17MMP-S-SPB128-MP","sediment","sediment","marine","Van Veen Grab","sample","San Pablo Bay",NA,"38.0157","-122.3002",NA,NA,NA,567.78,1,NA,45,5000,2.89,0.44,1332.38787531236,NA,NA,NA,NA,NA,NA
"197","Zhu et. al 2021","17MMP_S_SPB15_MP1","sediment","sediment","marine","Van Veen Grab","sample","San Pablo Bay",NA,"38.1084","-122.4881",NA,NA,NA,1028.07,1,NA,45,5000,2.89,0.44,1332.38787531236,NA,NA,NA,NA,NA,NA
"198","Zhu et. al 2021","17MMP-S-SUB52-MP","sediment","sediment","marine","Van Veen Grab","sample","Suisin Bay",NA,"38.1362","-122.035",NA,NA,NA,250,1,NA,45,5000,2.89,0.44,1332.38787531236,NA,NA,NA,NA,NA,NA
"199","Zhu et. al 2021","17MMP_S_SUB53_MP","sediment","sediment","marine","Van Veen Grab","sample","Suisin Bay",NA,"38.0441","-122.0969",NA,NA,NA,131.02,1,NA,45,5000,2.89,0.44,1332.38787531236,NA,NA,NA,NA,NA,NA
"200","Zhu et. al 2021","17MMP_S_TB101_MP","sediment","sediment","marine","Van Veen Grab","sample","Tomales Bay",NA,"38.2093","-122.9292",NA,NA,NA,100.07,1,0.18,45,5000,2.89,0.44,1332.38787531236,NA,NA,NA,NA,NA,23999.7698428514
"201","Zhu et. al 2021","17MMP_S_TB102_MP","sediment","sediment","marine","Van Veen Grab","sample","Tomales Bay",NA,"38.0908","-122.8358",NA,NA,NA,216.38,1,0.18,45,5000,2.89,0.44,1332.38787531236,NA,NA,NA,NA,NA,51894.3759228159
"202","Zhu et. al 2021","CB4 Aug 21","water","surface water","marine","Manta Trawl","sample","Central Bay",NA,"37.92","-122.44","dry",2.3e-05,NA,NA,4.59839908376001,0.732126254706782,333,5000,2.07,0.03,529.151016870594,0.00799148329254769,0.0647995819060901,0.425395520843609,0.0647995819060901,NA,NA
"203","Zhu et. al 2021","CB4 Richmond Bdg Nov 16","water","surface water","marine","Manta Trawl","sample","Central Bay",NA,"37.92","-122.43","wet",0.006114,NA,NA,4.59839908376001,0.732126254706782,333,5000,2.07,0.03,529.151016870594,2.12434473263637,17.2254192945146,113.081226714688,17.2254192945146,NA,NA
"204","Zhu et. al 2021","CB5 Aug 22","water","surface water","marine","Manta Trawl","sample","Central Bay",NA,"37.84","-122.42","dry",0.000439,NA,NA,4.59839908376001,0.732126254706782,333,5000,2.07,0.03,529.151016870594,0.152533094149062,1.23682680246842,8.11950581088453,1.23682680246842,NA,NA
"205","Zhu et. al 2021","CB5 Nov 16","water","surface water","marine","Manta Trawl","sample","Central Bay",NA,"37.85","-122.41","wet",0.001888,NA,NA,4.59839908376001,0.732126254706782,333,5000,2.07,0.03,529.151016870594,0.655996541579567,5.31920046255209,34.9194236240319,5.31920046255209,NA,NA
"206","Zhu et. al 2021","CB5 Nov 5","water","surface water","marine","Manta Trawl","sample","Central Bay",NA,"37.85","-122.41","wet",0.000511,NA,NA,4.59839908376001,0.732126254706782,333,5000,2.07,0.03,529.151016870594,0.17754991141269,1.43967766756574,9.45117874569931,1.43967766756574,NA,NA
"207","Zhu et. al 2021","CB6 Aug 22","water","surface water","marine","Manta Trawl","sample","Central Bay",NA,"37.83","-122.32","dry",8.3e-05,NA,NA,4.59839908376001,0.732126254706782,333,5000,2.07,0.03,529.151016870594,0.0288388310122373,0.233841969487195,1.53512296652259,0.233841969487195,NA,NA
"208","Zhu et. al 2021","CB6 Nov 16","water","surface water","marine","Manta Trawl","sample","Central Bay",NA,"37.83","-122.32","wet",0.000464,NA,NA,4.59839908376001,0.732126254706782,333,5000,2.07,0.03,529.151016870594,0.161219489032266,1.30726113062721,8.58189224658411,1.30726113062721,NA,NA
"209","Zhu et. al 2021","CB7 Aug 22 DUP","water","surface water","marine","Manta Trawl","sample","Central Bay",NA,"N/A","N/A","dry",0.000774,NA,NA,4.59839908376001,0.732126254706782,333,5000,2.07,0.03,529.151016870594,0.268930785583996,2.18064679979625,14.3154840492588,2.18064679979625,NA,NA
"210","Zhu et. al 2021","CB7 Bay Bridge Nov 16","water","surface water","marine","Manta Trawl","sample","Central Bay",NA,"37.78","-122.35","wet",0.000729,NA,NA,4.59839908376001,0.732126254706782,333,5000,2.07,0.03,529.151016870594,0.253295274794229,2.05386500911042,13.4831884649996,2.05386500911042,NA,NA
"211","Zhu et. al 2021","CB8 Aug 25","water","surface water","marine","Manta Trawl","sample","Central Bay",NA,"37.75","-122.23","dry",0.002265,NA,NA,4.59839908376001,0.732126254706782,333,5000,2.07,0.03,529.151016870594,0.786987376418283,6.3813501311867,41.8922110743815,6.3813501311867,NA,NA
"212","Zhu et. al 2021","CB8 Jan 11","water","surface water","marine","Manta Trawl","sample","Central Bay",NA,"37.75","-122.23","wet",0.004343,NA,NA,4.59839908376001,0.732126254706782,333,5000,2.07,0.03,529.151016870594,1.5090005191102,12.2358514877456,80.3257716097301,12.2358514877456,NA,NA
"213","Zhu et. al 2021","CB9 Aug 22","water","surface water","marine","Manta Trawl","sample","Central Bay",NA,"37.69","-122.29","dry",0.000188,NA,NA,4.59839908376001,0.732126254706782,333,5000,2.07,0.03,529.151016870594,0.0653216895216941,0.529666147754128,3.4771459964608,0.529666147754128,NA,NA
"214","Zhu et. al 2021","CB9 Jan 11 Total","water","surface water","marine","Manta Trawl","sample","Central Bay",NA,"37.69","-122.3","wet",0.055591,NA,NA,4.59839908376001,0.732126254706782,333,5000,2.07,0.03,529.151016870594,19.3154151180878,156.62058946702,1028.180973879,156.62058946702,NA,NA
"215","Zhu et. al 2021","CBNMS22 Mar 30","water","surface water","marine","Manta Trawl","sample","Central Bay",NA,"38.1","-123.11","wet",8.8e-05,NA,NA,4.59839908376001,0.732126254706782,333,5000,2.07,0.03,529.151016870594,0.0305761099888781,0.247928835118953,1.6276002536625,0.247928835118953,NA,NA
"216","Zhu et. al 2021","CBNMS22 Sept 12","water","surface water","marine","Manta Trawl","sample","Central Bay",NA,"38.11","-123.11","dry",0.000163,NA,NA,4.59839908376001,0.732126254706782,333,5000,2.07,0.03,529.151016870594,0.0566352946384901,0.459231819595334,3.01475956076123,0.459231819595334,NA,NA
"217","Zhu et. al 2021","CBNMS23 Mar 29","water","surface water","marine","Manta Trawl","sample","Central Bay",NA,"38.02","-123.33","wet",0.000126,NA,NA,4.59839908376001,0.732126254706782,333,5000,2.07,0.03,529.151016870594,0.0437794302113482,0.35498901392032,2.33042763592586,0.35498901392032,NA,NA
"218","Zhu et. al 2021","CBNMS23 Sept 12","water","surface water","marine","Manta Trawl","sample","Central Bay",NA,"38.03","-123.31","dry",0.000139,NA,NA,4.59839908376001,0.732126254706782,333,5000,2.07,0.03,529.151016870594,0.0482963555506143,0.391614864562892,2.57086858248964,0.391614864562892,NA,NA
"219","Zhu et. al 2021","CBNMS24 Sept 13","water","surface water","marine","Manta Trawl","sample","Central Bay",NA,"37.99","-123.5","dry",0,NA,NA,4.59839908376001,0.732126254706782,333,5000,2.07,0.03,529.151016870594,0,0,0,0,NA,NA
"220","Zhu et. al 2021","GFNMS24 Mar 29","water","surface water","marine","Manta Trawl","sample","National Marine Sanctuary",NA,"N/A","N/A","wet",2.3e-05,NA,NA,4.59839908376001,0.732126254706782,333,5000,2.07,0.03,529.151016870594,0.00799148329254769,0.0647995819060901,0.425395520843609,0.0647995819060901,NA,NA
"221","Zhu et. al 2021","GFNMS25 Mar 30","water","surface water","marine","Manta Trawl","sample","National Marine Sanctuary",NA,"37.97","-122.93","wet",0.000218,NA,NA,4.59839908376001,0.732126254706782,333,5000,2.07,0.03,529.151016870594,0.075745363381539,0.61418734154468,4.03200971930029,0.61418734154468,NA,NA
"222","Zhu et. al 2021","GFNMS25 Sept 11","water","surface water","marine","Manta Trawl","sample","National Marine Sanctuary",NA,"37.97","-122.93","dry",2e-05,NA,NA,4.59839908376001,0.732126254706782,333,5000,2.07,0.03,529.151016870594,0.00694911590656321,0.0563474625270349,0.36990914855966,0.0563474625270349,NA,NA
"223","Zhu et. al 2021","GFNMS26 Mar 29","water","surface water","marine","Manta Trawl","sample","National Marine Sanctuary",NA,"37.82","-123.02","wet",7.9e-05,NA,NA,4.59839908376001,0.732126254706782,333,5000,2.07,0.03,529.151016870594,0.0274490078309247,0.222572476981788,1.46114113681066,0.222572476981788,NA,NA
"224","Zhu et. al 2021","GFNMS26 Sept 12","water","surface water","marine","Manta Trawl","sample","National Marine Sanctuary",NA,"37.82","-123.01","dry",0.000139,NA,NA,4.59839908376001,0.732126254706782,333,5000,2.07,0.03,529.151016870594,0.0482963555506143,0.391614864562892,2.57086858248964,0.391614864562892,NA,NA
"225","Zhu et. al 2021","GFNMS27 March 29","water","surface water","marine","Manta Trawl","sample","National Marine Sanctuary",NA,"37.75","-123.26","wet",7.8e-05,NA,NA,4.59839908376001,0.732126254706782,333,5000,2.07,0.03,529.151016870594,0.0271015520355965,0.219755103855436,1.44264567938267,0.219755103855436,NA,NA
"226","Zhu et. al 2021","GFNMS27 Sept 13","water","surface water","marine","Manta Trawl","sample","National Marine Sanctuary",NA,"37.73","-123.26","dry",5e-06,NA,NA,4.59839908376001,0.732126254706782,333,5000,2.07,0.03,529.151016870594,0.0017372789766408,0.0140868656317587,0.0924772871399149,0.0140868656317587,NA,NA
"227","Zhu et. al 2021","GFNMS28 Mar 30","water","surface water","marine","Manta Trawl","sample","National Marine Sanctuary",NA,"37.81","-122.76","wet",9.6e-05,NA,NA,4.59839908376001,0.732126254706782,333,5000,2.07,0.03,529.151016870594,0.0333557563515034,0.270467820129767,1.77556391308637,0.270467820129767,NA,NA
"228","Zhu et. al 2021","GFNMS28 DUP Sept 13","water","surface water","marine","Manta Trawl","sample","National Marine Sanctuary",NA,"37.81","-122.76","dry",5.6e-05,NA,NA,4.59839908376001,0.732126254706782,333,5000,2.07,0.03,529.151016870594,0.019457524538377,0.157772895075698,1.03574561596705,0.157772895075698,NA,NA
"229","Zhu et. al 2021","LSB14 Aug 24","water","surface water","marine","Manta Trawl","sample","Lower South Bay",NA,"37.47","-122.06","dry",0.000982,NA,NA,4.59839908376001,0.732126254706782,333,5000,2.07,0.03,529.151016870594,0.341201591012254,2.76666041007741,18.1625391942793,2.76666041007741,NA,NA
"230","Zhu et. al 2021","LSB14 Mar 6","water","surface water","marine","Manta Trawl","sample","Lower South Bay",NA,"37.48","-122.08","wet",0.000266,NA,NA,4.59839908376001,0.732126254706782,333,5000,2.07,0.03,529.151016870594,0.0924232415572907,0.749421251609564,4.91979167584347,0.749421251609564,NA,NA
"231","Zhu et. al 2021","LSB15 Aug 24","water","surface water","marine","Manta Trawl","sample","Lower South Bay",NA,"37.46","-122.08","dry",0.000357,NA,NA,4.59839908376001,0.732126254706782,333,5000,2.07,0.03,529.151016870594,0.124041718932153,1.00580220610757,6.60287830178993,1.00580220610757,NA,NA
"232","Zhu et. al 2021","LSB15 Mar 6","water","surface water","marine","Manta Trawl","sample","Lower South Bay",NA,"37.47","-122.09","wet",0.000248,NA,NA,4.59839908376001,0.732126254706782,333,5000,2.07,0.03,529.151016870594,0.0861690372413838,0.698708535335232,4.58687344213978,0.698708535335232,NA,NA
"233","Zhu et. al 2021","LSB16 Aug 24","water","surface water","marine","Manta Trawl","sample","Lower South Bay",NA,"37.46","-122.03","dry",0.000153,NA,NA,4.59839908376001,0.732126254706782,333,5000,2.07,0.03,529.151016870594,0.0531607366852085,0.431058088331817,2.8298049864814,0.431058088331817,NA,NA
"234","Zhu et. al 2021","LSB16 Mar 6","water","surface water","marine","Manta Trawl","sample","Lower South Bay",NA,"37.45","-122.03","wet",0.000516,NA,NA,4.59839908376001,0.732126254706782,333,5000,2.07,0.03,529.151016870594,0.179287190389331,1.4537645331975,9.54365603283922,1.4537645331975,NA,NA
"235","Zhu et. al 2021","MBNMS29 Jan 11 2018","water","surface water","marine","Manta Trawl","sample","National Marine Sanctuary",NA,"37.81","-122.47","wet",0.000396,NA,NA,4.59839908376001,0.732126254706782,333,5000,2.07,0.03,529.151016870594,0.137592494949951,1.11567975803529,7.32420114148126,1.11567975803529,NA,NA
"236","Zhu et. al 2021","MBNMS29 Mar 30","water","surface water","marine","Manta Trawl","sample","National Marine Sanctuary",NA,"37.79","-122.5","wet",0.000294,NA,NA,4.59839908376001,0.732126254706782,333,5000,2.07,0.03,529.151016870594,0.102152003826479,0.828307699147413,5.437664483827,0.828307699147413,NA,NA
"237","Zhu et. al 2021","MBNMS29 Nov 17 2017","water","surface water","marine","Manta Trawl","sample","National Marine Sanctuary",NA,"37.8","-122.5","wet",0.000273,NA,NA,4.59839908376001,0.732126254706782,333,5000,2.07,0.03,529.151016870594,0.0948554321245878,0.769142863494026,5.04925987783936,0.769142863494026,NA,NA
"238","Zhu et. al 2021","MBNMS29 Sept 13","water","surface water","marine","Manta Trawl","sample","National Marine Sanctuary",NA,"37.81","-122.51","dry",1.9e-05,NA,NA,4.59839908376001,0.732126254706782,333,5000,2.07,0.03,529.151016870594,0.00660166011123505,0.0535300894006831,0.351413691131677,0.0535300894006831,NA,NA
"239","Zhu et. al 2021","MBNMS30 Mar 31","water","surface water","marine","Manta Trawl","sample","National Marine Sanctuary",NA,"37.67","-122.61","wet",3.8e-05,NA,NA,4.59839908376001,0.732126254706782,333,5000,2.07,0.03,529.151016870594,0.0132033202224701,0.107060178801366,0.702827382263354,0.107060178801366,NA,NA
"240","Zhu et. al 2021","MBNMS30 Sept 27","water","surface water","marine","Manta Trawl","sample","National Marine Sanctuary",NA,"37.67","-122.61","dry",6.8e-05,NA,NA,4.59839908376001,0.732126254706782,333,5000,2.07,0.03,529.151016870594,0.0236269940823149,0.191581372591919,1.25769110510284,0.191581372591919,NA,NA
"241","Zhu et. al 2021","MBNMS31 Mar 31","water","surface water","marine","Manta Trawl","sample","National Marine Sanctuary",NA,"37.51","-122.57","wet",5.4e-05,NA,NA,4.59839908376001,0.732126254706782,333,5000,2.07,0.03,529.151016870594,0.0187626129477207,0.152138148822994,0.998754701111081,0.152138148822994,NA,NA
"242","Zhu et. al 2021","MBNMS31 Sept 27","water","surface water","marine","Manta Trawl","sample","National Marine Sanctuary",NA,"37.51","-122.58","dry",3.8e-05,NA,NA,4.59839908376001,0.732126254706782,333,5000,2.07,0.03,529.151016870594,0.0132033202224701,0.107060178801366,0.702827382263354,0.107060178801366,NA,NA
"243","Zhu et. al 2021","MBNMS32 Mar 31","water","surface water","marine","Manta Trawl","sample","National Marine Sanctuary",NA,"37.44","-122.93","wet",6.8e-05,NA,NA,4.59839908376001,0.732126254706782,333,5000,2.07,0.03,529.151016870594,0.0236269940823149,0.191581372591919,1.25769110510284,0.191581372591919,NA,NA
"244","Zhu et. al 2021","MBNMS32 Sept 27","water","surface water","marine","Manta Trawl","sample","National Marine Sanctuary",NA,"37.45","-122.93","dry",2.4e-05,NA,NA,4.59839908376001,0.732126254706782,333,5000,2.07,0.03,529.151016870594,0.00833893908787585,0.0676169550324418,0.443890978271592,0.0676169550324418,NA,NA
"245","Zhu et. al 2021","SB10 Aug 23","water","surface water","marine","Manta Trawl","sample","South Bay",NA,"37.65","-122.24","dry",0.000112,NA,NA,4.59839908376001,0.732126254706782,333,5000,2.07,0.03,529.151016870594,0.038915049076754,0.315545790151395,2.07149123193409,0.315545790151395,NA,NA
"246","Zhu et. al 2021","SB10 Mar 19","water","surface water","marine","Manta Trawl","sample","South Bay",NA,"37.65","-122.23","wet",0.000236,NA,NA,4.59839908376001,0.732126254706782,333,5000,2.07,0.03,529.151016870594,0.0819995676974458,0.664900057819012,4.36492795300398,0.664900057819012,NA,NA
"247","Zhu et. al 2021","SB11 Aug 23","water","surface water","marine","Manta Trawl","sample","South Bay",NA,"37.6","-122.25","dry",0.000181,NA,NA,4.59839908376001,0.732126254706782,333,5000,2.07,0.03,529.151016870594,0.062889498954397,0.509944535869666,3.34767779446492,0.509944535869666,NA,NA
"248","Zhu et. al 2021","SB11 Mar 19","water","surface water","marine","Manta Trawl","sample","South Bay",NA,"37.59","-122.2","wet",0.002605,NA,NA,4.59839908376001,0.732126254706782,333,5000,2.07,0.03,529.151016870594,0.905122346829858,7.33925699414629,48.1806665998957,7.33925699414629,NA,NA
"249","Zhu et. al 2021","SB12 Aug 23","water","surface water","marine","Manta Trawl","sample","South Bay",NA,"37.59","-122.28","dry",0.000128,NA,NA,4.59839908376001,0.732126254706782,333,5000,2.07,0.03,529.151016870594,0.0444743418020045,0.360623760173023,2.36741855078182,0.360623760173023,NA,NA
"250","Zhu et. al 2021","SB12 Mar 19","water","surface water","marine","Manta Trawl","sample","South Bay",NA,"37.58","-122.27","wet",0.000488,NA,NA,4.59839908376001,0.732126254706782,333,5000,2.07,0.03,529.151016870594,0.169558428120142,1.37487808565965,9.0257832248557,1.37487808565965,NA,NA
"251","Zhu et. al 2021","SB13 Aug 23","water","surface water","marine","Manta Trawl","sample","South Bay",NA,"37.57","-122.21","dry",0.002899,NA,NA,4.59839908376001,0.732126254706782,333,5000,2.07,0.03,529.151016870594,1.00727435065634,8.16756469329371,53.6183310837227,8.16756469329371,NA,NA
"252","Zhu et. al 2021","SB13 Mar 19","water","surface water","marine","Manta Trawl","sample","South Bay",NA,"37.56","-122.22","wet",0.001384,NA,NA,4.59839908376001,0.732126254706782,333,5000,2.07,0.03,529.151016870594,0.480878820734174,3.89924440687081,25.5977130803285,3.89924440687081,NA,NA
"253","Zhu et. al 2021","SF Bay Treasure Island Sept 18","water","surface water","marine","Manta Trawl","sample","Central Bay",NA,"37.82","-122.36","dry",0.000426,NA,NA,4.59839908376001,0.732126254706782,333,5000,2.07,0.03,529.151016870594,0.148016168809796,1.20020095182584,7.87906486432075,1.20020095182584,NA,NA
"254","Zhu et. al 2021","SPB2 Aug 21 2017","water","surface water","marine","Manta Trawl","sample","San Pablo Bay",NA,"38.05","-122.42","dry",5.9e-05,NA,NA,4.59839908376001,0.732126254706782,333,5000,2.07,0.03,529.151016870594,0.0204998919243615,0.166225014454753,1.091231988251,0.166225014454753,NA,NA
"255","Zhu et. al 2021","SPB2 Nov 16","water","surface water","marine","Manta Trawl","sample","San Pablo Bay",NA,"38.06","-122.42","wet",9.2e-05,NA,NA,4.59839908376001,0.732126254706782,333,5000,2.07,0.03,529.151016870594,0.0319659331701908,0.25919832762436,1.70158208337443,0.25919832762436,NA,NA
"256","Zhu et. al 2021","SPB3 Aug 21","water","surface water","marine","Manta Trawl","sample","San Pablo Bay",NA,"38.64","-122.37","dry",0.000637,NA,NA,4.59839908376001,0.732126254706782,333,5000,2.07,0.03,529.151016870594,0.221329341624038,1.79466668148606,11.7816063816252,1.79466668148606,NA,NA
"257","Zhu et. al 2021","SPB3 Nov 17","water","surface water","marine","Manta Trawl","sample","San Pablo Bay",NA,"38.02","-122.37","wet",0.001409,NA,NA,4.59839908376001,0.732126254706782,333,5000,2.07,0.03,529.151016870594,0.489565215617378,3.96967873502961,26.060099516028,3.96967873502961,NA,NA
"258","Zhu et. al 2021","SUB1 Aug 21","water","surface water","marine","Manta Trawl","sample","Suisin Bay",NA,"38.11","-122.06","dry",8.1e-05,NA,NA,4.59839908376001,0.732126254706782,333,5000,2.07,0.03,529.151016870594,0.028143919421581,0.228207223234491,1.49813205166662,0.228207223234491,NA,NA
"259","Zhu et. al 2021","SUB1 Nov 17","water","surface water","marine","Manta Trawl","sample","Suisin Bay",NA,"38.11","-122.06","wet",0.000131,NA,NA,4.59839908376001,0.732126254706782,333,5000,2.07,0.03,529.151016870594,0.045516709187989,0.369075879552078,2.42290492306577,0.369075879552078,NA,NA
"260","Zhu et. al 2021","CB4 Aug 21 grab","water","surface water","marine","1-L grab","sample","Central Bay",NA,"37.9156","-122.4412","dry",3.465346535,NA,NA,1,0.62,50,5000,2.07,0.03,66.2228226999466,NA,229.485029181179,NA,229.485029181179,NA,NA
"261","Zhu et. al 2021","CB4 Nov 22 grab","water","surface water","marine","1-L grab","sample","Central Bay",NA,"37.9229","-122.4330","wet",2.734877735,NA,NA,1,0.62,50,5000,2.07,0.03,66.2228226999466,NA,181.111323350936,NA,181.111323350936,NA,NA
"262","Zhu et. al 2021","CB5 Aug 22 grab","water","surface water","marine","1-L grab","sample","Central Bay",NA,"37.8430","-122.4150","dry",7.433102081,NA,NA,1,0.62,50,5000,2.07,0.03,66.2228226999466,NA,492.241001220667,NA,492.241001220667,NA,NA
"263","Zhu et. al 2021","CB5 Nov 22 grab","water","surface water","marine","1-L grab","sample","Central Bay",NA,"37.8445","-122.4069","wet",0.62774639,NA,NA,1,0.62,50,5000,2.07,0.03,66.2228226999466,NA,41.5711378855015,NA,41.5711378855015,NA,NA
"264","Zhu et. al 2021","CB6 Aug 22 grab","water","surface water","marine","1-L grab","sample","Central Bay",NA,"37.8342","-122.3204","dry",1.95095948827292,NA,NA,1,0.62,50,5000,2.07,0.03,66.2228226999466,NA,129.198044286676,NA,129.198044286676,NA,NA
"265","Zhu et. al 2021","CB6 Nov 22 grab","water","surface water","marine","1-L grab","sample","Central Bay",NA,"37.8339","-122.3221","wet",4.984423676,NA,NA,1,0.62,50,5000,2.07,0.03,66.2228226999466,NA,330.082605357164,NA,330.082605357164,NA,NA
"266","Zhu et. al 2021","CB7 Aug 22 grab","water","surface water","marine","1-L grab","sample","Central Bay",NA,"N/A","N/A","dry",2.32510729613734,NA,NA,1,0.62,50,5000,2.07,0.03,66.2228226999466,NA,153.975168230455,NA,153.975168230455,NA,NA
"267","Zhu et. al 2021","CB7 Nov 22 grab","water","surface water","marine","1-L grab","sample","Central Bay",NA,"37.7795","-122.3537","wet",1.582779361,NA,NA,1,0.62,50,5000,2.07,0.03,66.2228226999466,NA,104.816116996638,NA,104.816116996638,NA,NA
"268","Zhu et. al 2021","CB8 Aug 22 grab","water","surface water","marine","1-L grab","sample","Central Bay",NA,"37.7514","-122.2260","dry",2.703562341,NA,NA,1,0.62,50,5000,2.07,0.03,66.2228226999466,NA,179.037529566296,NA,179.037529566296,NA,NA
"269","Zhu et. al 2021","CB8 Jan 11 grab","water","surface water","marine","1-L grab","sample","Central Bay",NA,"37.7505","-122.2278","wet",2.551020408,NA,NA,1,0.62,50,5000,2.07,0.03,66.2228226999466,NA,168.935772182929,NA,168.935772182929,NA,NA
"270","Zhu et. al 2021","CB9 Aug 22 grab","water","surface water","marine","1-L grab","sample","Central Bay",NA,"37.6872","-122.2909","dry",6.578947368,NA,NA,1,0.62,50,5000,2.07,0.03,66.2228226999466,NA,435.676465103344,NA,435.676465103344,NA,NA
"271","Zhu et. al 2021","CB9 Jan 22 grab","water","surface water","marine","1-L grab","sample","Central Bay",NA,"37.6936","-122.2991","wet",18.71101871,NA,NA,1,0.62,50,5000,2.07,0.03,66.2228226999466,NA,1239.09647456771,NA,1239.09647456771,NA,NA
"272","Zhu et. al 2021","CBNMS22 Sept 12 grab","water","surface water","marine","1-L grab","sample","Central Bay",NA,"38.1068","-123.1138","dry",3,NA,NA,1,0.34,50,5000,2.07,0.03,66.2228226999466,NA,198.66846809984,NA,198.66846809984,NA,NA
"273","Zhu et. al 2021","CBNMS23 Sep 22 grab","water","surface water","marine","1-L grab","sample","Central Bay",NA,"38.0346","-123.3131","dry",1.640419948,NA,NA,1,0.34,50,5000,2.07,0.03,66.2228226999466,NA,108.63323936986,NA,108.63323936986,NA,NA
"274","Zhu et. al 2021","CBNMS24 Sep 22 grab","water","surface water","marine","1-L grab","sample","Central Bay",NA,"37.9853","-123.4973","dry",8.671522719,NA,NA,1,0.34,50,5000,2.07,0.03,66.2228226999466,NA,574.252711558896,NA,574.252711558896,NA,NA
"275","Zhu et. al 2021","GFNMS/MBNMS29 Jan 22 grab","water","surface water","marine","1-L grab","sample","National Marine Sanctuary",NA,"37.8128","-122.4723","wet",0.652315721135029,NA,NA,1,0.34,50,5000,2.07,0.03,66.2228226999466,NA,43.1981883451128,NA,43.1981883451128,NA,NA
"276","Zhu et. al 2021","GFNMS25 Mar 22 grab","water","surface water","marine","1-L grab","sample","National Marine Sanctuary",NA,"37.9670","-122.9272","wet",0,NA,NA,1,0.34,50,5000,2.07,0.03,66.2228226999466,NA,0,NA,0,NA,NA
"277","Zhu et. al 2021","GFNMS25 Sept 11 grab","water","surface water","marine","1-L grab","sample","National Marine Sanctuary",NA,"37.9695","-122.9270","dry",1.811594203,NA,NA,1,0.34,50,5000,2.07,0.03,66.2228226999466,NA,119.96888170952,NA,119.96888170952,NA,NA
"278","Zhu et. al 2021","GFNMS26 Sept 12 grab","water","surface water","marine","1-L grab","sample","National Marine Sanctuary",NA,"37.8213","-123.0068","dry",0.709574468085106,NA,NA,1,0.34,50,5000,2.07,0.03,66.2228226999466,NA,46.9900241924089,NA,46.9900241924089,NA,NA
"279","Zhu et. al 2021","GFNMS27 Sep 22 grab","water","surface water","marine","1-L grab","sample","National Marine Sanctuary",NA,"37.7327","-123.2630","dry",1.262626263,NA,NA,1,0.34,50,5000,2.07,0.03,66.2228226999466,NA,83.6146751509451,NA,83.6146751509451,NA,NA
"280","Zhu et. al 2021","GFNMS28 (DUP for Manta) Sep 22 grab","water","surface water","marine","1-L grab","sample","National Marine Sanctuary",NA,"37.8058","-122.7561","dry",3.664754621,NA,NA,1,0.34,50,5000,2.07,0.03,66.2228226999466,NA,242.690395505293,NA,242.690395505293,NA,NA
"281","Zhu et. al 2021","LSB14 Mar 22 grab","water","surface water","marine","1-L grab","sample","Lower South Bay",NA,"37.4801","-122.0781","wet",3.0984996741683,NA,NA,1,0.72,50,5000,2.07,0.03,66.2228226999466,NA,205.191394558289,NA,205.191394558289,NA,NA
"282","Zhu et. al 2021","LSB15 (corrected from LSB14 to LSB15) Mar 22 grab","water","surface water","marine","1-L grab","sample","Lower South Bay",NA,"37.4654","-122.0912","wet",1.279590531,NA,NA,1,0.72,50,5000,2.07,0.03,66.2228226999466,NA,84.7380968629435,NA,84.7380968629435,NA,NA
"283","Zhu et. al 2021","LSB16 Aug 22 grab","water","surface water","marine","1-L grab","sample","Lower South Bay",NA,"37.4528","-122.0331","dry",7.619047619,NA,NA,1,0.72,50,5000,2.07,0.03,66.2228226999466,NA,504.554839615487,NA,504.554839615487,NA,NA
"284","Zhu et. al 2021","LSB16 Mar 22 grab","water","surface water","marine","1-L grab","sample","Lower South Bay",NA,"37.4645","-122.0271","wet",2.412280702,NA,NA,1,0.72,50,5000,2.07,0.03,66.2228226999466,NA,159.748037231049,NA,159.748037231049,NA,NA
"285","Zhu et. al 2021","MBNMS26 (GFNMS26 on bottle) Mar 22 grab","water","surface water","marine","1-L grab","sample","National Marine Sanctuary",NA,"37.8208","-123.0177","wet",13.57323232,NA,NA,1,0.34,50,5000,2.07,0.03,66.2228226999466,NA,898.857757392545,NA,898.857757392545,NA,NA
"286","Zhu et. al 2021","MBNMS28 (GFNMS28?) Mar 22 grab","water","surface water","marine","1-L grab","sample","National Marine Sanctuary",NA,"37.8064","-122.7583","wet",2.38322211630124,NA,NA,1,0.34,50,5000,2.07,0.03,66.2228226999466,NA,157.823695662408,NA,157.823695662408,NA,NA
"287","Zhu et. al 2021","MBNMS29 Mar 30 grab","water","surface water","marine","1-L grab","sample","National Marine Sanctuary",NA,"37.8053","-122.5082","wet",0.943396226,NA,NA,1,0.34,50,5000,2.07,0.03,66.2228226999466,NA,62.4743610101967,NA,62.4743610101967,NA,NA
"288","Zhu et. al 2021","MBNMS29 Nov 22 grab","water","surface water","marine","1-L grab","sample","National Marine Sanctuary",NA,"37.7985","-122.5049","wet",35.70314936,NA,NA,1,0.34,50,5000,2.07,0.03,66.2228226999466,NA,2364.36332989699,NA,2364.36332989699,NA,NA
"289","Zhu et. al 2021","MBNMS29 Sept 13 grab","water","surface water","marine","1-L grab","sample","National Marine Sanctuary",NA,"37.7935","-122.5030","dry",2.25259875259875,NA,NA,1,0.34,50,5000,2.07,0.03,66.2228226999466,NA,149.173447807468,NA,149.173447807468,NA,NA
"290","Zhu et. al 2021","MBNMS30 Mar 30 (Mar 31 for Manta) grab","water","surface water","marine","1-L grab","sample","National Marine Sanctuary",NA,"37.6726","-122.6108","wet",2.20226843100189,NA,NA,1,0.34,50,5000,2.07,0.03,66.2228226999466,NA,145.840431843928,NA,145.840431843928,NA,NA
"291","Zhu et. al 2021","MBNMS30 Sep 22 grab","water","surface water","marine","1-L grab","sample","National Marine Sanctuary",NA,"37.6718","-122.6110","dry",1.605651895,NA,NA,1,0.34,50,5000,2.07,0.03,66.2228226999466,NA,106.330800760418,NA,106.330800760418,NA,NA
"292","Zhu et. al 2021","MBNMS31 Mar 22 grab","water","surface water","marine","1-L grab","sample","National Marine Sanctuary",NA,"37.5070","-122.5804","wet",4.26944971537002,NA,NA,1,0.34,50,5000,2.07,0.03,66.2228226999466,NA,282.735011527286,NA,282.735011527286,NA,NA
"293","Zhu et. al 2021","MBNMS31 Sep 22 grab","water","surface water","marine","1-L grab","sample","National Marine Sanctuary",NA,"N/A","N/A","dry",3.502069405,NA,NA,1,0.34,50,5000,2.07,0.03,66.2228226999466,NA,231.916921290222,NA,231.916921290222,NA,NA
"294","Zhu et. al 2021","MBNMS32 Mar 22 grab","water","surface water","marine","1-L grab","sample","National Marine Sanctuary",NA,"37.4504","-122.9320","wet",18.76590331,NA,NA,1,0.34,50,5000,2.07,0.03,66.2228226999466,NA,1242.73108770247,NA,1242.73108770247,NA,NA
"295","Zhu et. al 2021","MBNMS32 Sep 22 grab","water","surface water","marine","1-L grab","sample","National Marine Sanctuary",NA,"37.4446","-122.9280","dry",6.298449612,NA,NA,1,0.34,50,5000,2.07,0.03,66.2228226999466,NA,417.101111940023,NA,417.101111940023,NA,NA
"296","Zhu et. al 2021","SB10 Aug 22 grab","water","surface water","marine","1-L grab","sample","South Bay",NA,"37.6534","-122.2281","dry",0.998003992015968,NA,NA,1,0.45,50,5000,2.07,0.03,66.2228226999466,NA,66.0906414171124,NA,66.0906414171124,NA,NA
"297","Zhu et. al 2021","SB10 Mar 22 grab","water","surface water","marine","1-L grab","sample","South Bay",NA,"37.6500","-122.2433","wet",6.144393241,NA,NA,1,0.45,50,5000,2.07,0.03,66.2228226999466,NA,406.899064197493,NA,406.899064197493,NA,NA
"298","Zhu et. al 2021","SB11 Aug 22 grab","water","surface water","marine","1-L grab","sample","South Bay",NA,"37.5863","-122.2022","dry",3.346080306,NA,NA,1,0.45,50,5000,2.07,0.03,66.2228226999466,NA,221.586882844021,NA,221.586882844021,NA,NA
"299","Zhu et. al 2021","SB11 Mar 22 grab","water","surface water","marine","1-L grab","sample","South Bay",NA,"37.5983","-122.2502","wet",1.59574468085106,NA,NA,1,0.45,50,5000,2.07,0.03,66.2228226999466,NA,105.674717074383,NA,105.674717074383,NA,NA
"300","Zhu et. al 2021","SB12 Mar 19 grab","water","surface water","marine","1-L grab","sample","South Bay",NA,"37.5829","-122.2708","wet",2.666666667,NA,NA,1,0.45,50,5000,2.07,0.03,66.2228226999466,NA,176.594193888598,NA,176.594193888598,NA,NA
"301","Zhu et. al 2021","SB13 Aug 23 grab","water","surface water","marine","1-L grab","sample","South Bay",NA,"37.5649","-122.2227","dry",4.33839479392625,NA,NA,1,0.45,50,5000,2.07,0.03,66.2228226999466,NA,287.300749240549,NA,287.300749240549,NA,NA
"302","Zhu et. al 2021","SB13 Mar 22 grab","water","surface water","marine","1-L grab","sample","South Bay",NA,"37.5701","-122.2129","wet",9.931383171,NA,NA,1,0.45,50,5000,2.07,0.03,66.2228226999466,NA,657.684226898366,NA,657.684226898366,NA,NA
"303","Zhu et. al 2021","SPB2 Aug 21 2017 grab","water","surface water","marine","1-L grab","sample","San Pablo Bay",NA,"38.0513","-122.4218","dry",3.333333333,NA,NA,1,NA,50,5000,2.07,0.03,66.2228226999466,NA,220.742742311081,NA,220.742742311081,NA,NA
"304","Zhu et. al 2021","SPB2 Nov 16 grab","water","surface water","marine","1-L grab","sample","San Pablo Bay",NA,"38.0598","-122.4244","wet",2.833333333,NA,NA,1,NA,50,5000,2.07,0.03,66.2228226999466,NA,187.631330961108,NA,187.631330961108,NA,NA
"305","Zhu et. al 2021","SPB3 Aug 22 grab","water","surface water","marine","1-L grab","sample","San Pablo Bay",NA,"38.6405","-122.3716","dry",5.086071987,NA,NA,1,NA,50,5000,2.07,0.03,66.2228226999466,NA,336.814043434266,NA,336.814043434266,NA,NA
"306","Zhu et. al 2021","SPB3 Nov 22 grab","water","surface water","marine","1-L grab","sample","San Pablo Bay",NA,"38.0239","-122.3682","wet",5.243088656,NA,NA,1,NA,50,5000,2.07,0.03,66.2228226999466,NA,347.212130466389,NA,347.212130466389,NA,NA
"307","Zhu et. al 2021","SUB1 Aug 22 grab","water","surface water","marine","1-L grab","sample","Suisin Bay",NA,"38.1071","-122.0563","dry",2.764612954,NA,NA,1,NA,50,5000,2.07,0.03,66.2228226999466,NA,183.080473486718,NA,183.080473486718,NA,NA
"308","Zhu et. al 2021","SUB1 Nov 22 grab","water","surface water","marine","1-L grab","sample","Suisin Bay",NA,"38.1079","-122.0570","wet",4.427577483,NA,NA,1,NA,50,5000,2.07,0.03,66.2228226999466,NA,293.206678646985,NA,293.206678646985,NA,NA
